Date,Season,HomeTeam,AwayTeam,FTHG,FTAG,Round,Tie,AET,Pen,Neutral,Venue,Tier,division
2008-11-07,2008,Leeds United,Northampton Town,1,1,1,initial,NA,NA,NA,NA,,
2008-11-08,2008,Accrington Stanley,Tranmere Rovers,0,0,1,initial,NA,NA,NA,NA,,
2008-11-08,2008,AFC Bournemouth,Bristol Rovers,1,0,1,initial,NA,NA,NA,NA,,
2008-11-08,2008,AFC Telford United,Southend United,2,2,1,initial,NA,NA,NA,NA,,
2008-11-08,2008,Aldershot Town,Rotherham United,1,1,1,initial,NA,NA,NA,NA,,
2008-11-08,2008,Alfreton Town,Bury Town,4,2,1,initial,NA,NA,NA,NA,,
2008-11-08,2008,Barnet,Rochdale,1,1,1,initial,NA,NA,NA,NA,,
2008-11-08,2008,Blyth Spartans,Shrewsbury Town,3,1,1,initial,NA,NA,NA,NA,,
2008-11-08,2008,Brighton & Hove Albion,Hartlepool United,3,3,1,initial,NA,NA,NA,NA,,
2008-11-08,2008,Bury,Gillingham,0,1,1,initial,NA,NA,NA,NA,,
2008-11-08,2008,Carlisle United,Grays Athletic,1,1,1,initial,NA,NA,NA,NA,,
2008-11-08,2008,Cheltenham,Oldham Athletic,2,2,1,initial,NA,NA,NA,NA,,
2008-11-08,2008,Chester City,Millwall,0,3,1,initial,NA,NA,NA,NA,,
2008-11-08,2008,Chesterfield,Mansfield Town,3,1,1,initial,NA,NA,NA,NA,,
2008-11-08,2008,Colchester United,Leyton Orient,0,1,1,initial,NA,NA,NA,NA,,
2008-11-08,2008,Crewe Alexandra,Ebbsfleet United,1,0,1,initial,NA,NA,NA,NA,,
2008-11-08,2008,Curzon Ashton,Exeter City,3,2,1,initial,NA,NA,NA,NA,,
2008-11-08,2008,Darlington,Droylsden,0,0,1,initial,NA,NA,NA,NA,,
2008-11-08,2008,Eastbourne Borough,Barrow AFC,0,0,1,initial,NA,NA,NA,NA,,
2008-11-08,2008,Eastwood Town,Brackley Town,2,1,1,initial,NA,NA,NA,NA,,
2008-11-08,2008,Harlow Town,Macclesfield Town,0,2,1,initial,NA,NA,NA,NA,,
2008-11-08,2008,Hereford Town,Dagenham & Redbridge,0,0,1,initial,NA,NA,NA,NA,,
2008-11-08,2008,Histon,Swindon Town,1,0,1,initial,NA,NA,NA,NA,,
2008-11-08,2008,Huddersfield Town,Port Vale,3,4,1,initial,NA,NA,NA,NA,,
2008-11-08,2008,Kettering Town,Lincoln City,1,1,1,initial,NA,NA,NA,NA,,
2008-11-08,2008,Kidderminster Harriers,Cambridge United,1,0,1,initial,NA,NA,NA,NA,,
2008-11-08,2008,Leicester City,Stevenage Borough,3,0,1,initial,NA,NA,NA,NA,,
2008-11-08,2008,Leiston,Fleetwood Town,0,0,1,initial,NA,NA,NA,NA,,
2008-11-08,2008,Luton Town,Altrincham,0,0,1,initial,NA,NA,NA,NA,,
2008-11-08,2008,Milton Keynes Dons,Bradford City,1,2,1,initial,NA,NA,NA,NA,,
2008-11-08,2008,Morecambe,Grimsby Town,2,1,1,initial,NA,NA,NA,NA,,
2008-11-08,2008,Oxford United,Dorchester Town,0,0,1,initial,NA,NA,NA,NA,,
2008-11-08,2008,Sutton United,Notts County,0,1,1,initial,NA,NA,NA,NA,,
2008-11-08,2008,Torquay United,Evesham United,2,0,1,initial,NA,NA,NA,NA,,
2008-11-08,2008,Walsall,Scunthorpe United,1,3,1,initial,NA,NA,NA,NA,,
2008-11-08,2008,Yeovil,Stockport County,1,1,1,initial,NA,NA,NA,NA,,
2008-11-09,2008,AFC Hornchurch,Peterborough United,0,1,1,initial,NA,NA,NA,NA,,
2008-11-09,2008,Havant & Waterlooville,Brentford,1,3,1,initial,NA,NA,NA,NA,,
2008-11-09,2008,Team Bath,Forest Green Rovers,0,1,1,initial,NA,NA,NA,NA,,
2008-11-10,2008,AFC Wimbledon,Wycombe Wanderers,1,4,1,initial,NA,NA,NA,NA,,
2008-11-13,2008,Tranmere Rovers,Accrington Stanley,1,0,1,replay,NA,NA,NA,NA,,
2008-11-17,2008,Northampton Town,Leeds United,2,5,1,replay,NA,NA,NA,NA,,
2008-11-18,2008,Altrincham,Luton Town,0,0,1,replay,yes,yes,NA,NA,,
2008-11-18,2008,Barrow AFC,Eastbourne Borough,4,0,1,replay,NA,NA,NA,NA,,
2008-11-18,2008,Dagenham & Redbridge,Hereford Town,2,1,1,replay,NA,NA,NA,NA,,
2008-11-18,2008,Dorchester Town,Oxford United,1,3,1,replay,yes,NA,NA,NA,,
2008-11-18,2008,Droylsden,Darlington,1,0,1,replay,NA,NA,NA,NA,,
2008-11-18,2008,Fleetwood Town,Leiston,2,0,1,replay,NA,NA,NA,NA,,
2008-11-18,2008,Hartlepool United,Brighton & Hove Albion,2,1,1,replay,NA,NA,NA,NA,,
2008-11-18,2008,Lincoln City,Kettering Town,1,2,1,replay,NA,NA,NA,NA,,
2008-11-18,2008,Oldham Athletic,Cheltenham,0,1,1,replay,NA,NA,NA,NA,,
2008-11-18,2008,Rochdale,Barnet,3,2,1,replay,yes,NA,NA,NA,,
2008-11-18,2008,Rotherham United,Aldershot Town,0,3,1,replay,NA,NA,NA,NA,,
2008-11-18,2008,Southend United,AFC Telford United,2,0,1,replay,NA,NA,NA,NA,,
2008-11-18,2008,Stockport County,Yeovil,5,0,1,replay,NA,NA,NA,NA,,
2008-11-28,2008,Barrow AFC,Brentford,2,1,2,initial,NA,NA,NA,NA,,
2008-11-28,2008,Port Vale,Macclesfield Town,1,3,2,initial,NA,NA,NA,NA,,
2008-11-29,2008,Grays Athletic,Carlisle United,0,2,1,replay,NA,NA,NA,NA,,
2008-11-29,2008,AFC Bournemouth,Blyth Spartans,0,0,2,initial,NA,NA,NA,NA,,
2008-11-29,2008,Bradford City,Leyton Orient,1,2,2,initial,NA,NA,NA,NA,,
2008-11-29,2008,Eastwood Town,Wycombe Wanderers,2,0,2,initial,NA,NA,NA,NA,,
2008-11-29,2008,Fleetwood Town,Hartlepool United,2,3,2,initial,NA,NA,NA,NA,,
2008-11-29,2008,Forest Green Rovers,Rochdale,2,0,2,initial,NA,NA,NA,NA,,
2008-11-29,2008,Gillingham,Stockport County,0,0,2,initial,NA,NA,NA,NA,,
2008-11-29,2008,Kidderminster Harriers,Curzon Ashton,2,0,2,initial,NA,NA,NA,NA,,
2008-11-29,2008,Leicester City,Dagenham & Redbridge,3,2,2,initial,NA,NA,NA,NA,,
2008-11-29,2008,Millwall,Aldershot Town,3,0,2,initial,NA,NA,NA,NA,,
2008-11-29,2008,Peterborough United,Tranmere Rovers,0,0,2,initial,NA,NA,NA,NA,,
2008-11-29,2008,Scunthorpe United,Alfreton Town,4,0,2,initial,NA,NA,NA,NA,,
2008-11-29,2008,Southend United,Luton Town,3,1,2,initial,NA,NA,NA,NA,,
2008-11-29,2008,Torquay United,Oxford United,2,0,2,initial,NA,NA,NA,NA,,
2008-11-30,2008,Histon,Leeds United,1,0,2,initial,NA,NA,NA,NA,,
2008-11-30,2008,Notts County,Kettering Town,1,1,2,initial,NA,NA,NA,NA,,
2008-12-02,2008,Morecambe,Cheltenham,2,3,2,initial,NA,NA,NA,NA,,
2008-12-03,2008,Carlisle United,Crewe Alexandra,0,2,2,initial,NA,NA,NA,NA,,
2008-12-09,2008,Chesterfield,Droylsden,2,2,2,initial,NA,NA,NA,NA,,
2008-12-10,2008,Kettering Town,Notts County,2,1,2,replay,NA,NA,NA,NA,,
2008-12-16,2008,Blyth Spartans,AFC Bournemouth,1,0,2,replay,NA,NA,NA,NA,,
2008-12-23,2008,Droylsden,Chesterfield,2,1,2,replay,NA,NA,NA,NA,,
2009-01-02,2008,Tottenham Hotspur,Wigan Athletic,3,1,3,initial,NA,NA,NA,NA,,
2009-01-03,2008,Arsenal,Plymouth Argyle,3,1,3,initial,NA,NA,NA,NA,,
2009-01-03,2008,Cardiff City,Reading,2,0,3,initial,NA,NA,NA,NA,,
2009-01-03,2008,Charlton Athletic,Norwich City,1,1,3,initial,NA,NA,NA,NA,,
2009-01-03,2008,Chelsea,Southend United,1,1,3,initial,NA,NA,NA,NA,,
2009-01-03,2008,Coventry City,Kidderminster Harriers,2,0,3,initial,NA,NA,NA,NA,,
2009-01-03,2008,Forest Green Rovers,Derby County,3,4,3,initial,NA,NA,NA,NA,,
2009-01-03,2008,Hartlepool United,Stoke City,2,0,3,initial,NA,NA,NA,NA,,
2009-01-03,2008,Hull City,Newcastle United,0,0,3,initial,NA,NA,NA,NA,,
2009-01-03,2008,Ipswich Town,Chesterfield,3,0,3,initial,NA,NA,NA,NA,,
2009-01-03,2008,Kettering Town,Eastwood Town,2,1,3,initial,NA,NA,NA,NA,,
2009-01-03,2008,Leicester City,Crystal Palace,0,0,3,initial,NA,NA,NA,NA,,
2009-01-03,2008,Macclesfield Town,Everton,0,1,3,initial,NA,NA,NA,NA,,
2009-01-03,2008,Manchester City,Nottingham Forest,0,3,3,initial,NA,NA,NA,NA,,
2009-01-03,2008,Middlesbrough,Barrow AFC,2,1,3,initial,NA,NA,NA,NA,,
2009-01-03,2008,Millwall,Crewe Alexandra,2,2,3,initial,NA,NA,NA,NA,,
2009-01-03,2008,Portsmouth,Bristol City,0,0,3,initial,NA,NA,NA,NA,,
2009-01-03,2008,Preston North End,Liverpool,0,2,3,initial,NA,NA,NA,NA,,
2009-01-03,2008,Queens Park Rangers,Burnley,0,0,3,initial,NA,NA,NA,NA,,
2009-01-03,2008,Sheffield Wednesday,Fulham,1,2,3,initial,NA,NA,NA,NA,,
2009-01-03,2008,Sunderland,Bolton Wanderers,2,1,3,initial,NA,NA,NA,NA,,
2009-01-03,2008,Torquay United,Blackpool,1,0,3,initial,NA,NA,NA,NA,,
2009-01-03,2008,Watford,Scunthorpe United,1,0,3,initial,NA,NA,NA,NA,,
2009-01-03,2008,West Bromwich Albion,Peterborough United,1,1,3,initial,NA,NA,NA,NA,,
2009-01-03,2008,West Ham United,Barnsley,3,0,3,initial,NA,NA,NA,NA,,
2009-01-04,2008,Gillingham,Aston Villa,1,2,3,initial,NA,NA,NA,NA,,
2009-01-04,2008,Southampton,Manchester United,0,3,3,initial,NA,NA,NA,NA,,
2009-01-05,2008,Blyth Spartans,Blackburn Rovers,0,1,3,initial,NA,NA,NA,NA,,
2009-01-13,2008,Birmingham City,Wolverhampton Wanderers,0,2,3,initial,NA,NA,NA,NA,,
2009-01-13,2008,Cheltenham,Doncaster Rovers,0,0,3,initial,NA,NA,NA,NA,,
2009-01-13,2008,Histon,Swansea City,1,2,3,initial,NA,NA,NA,NA,,
2009-01-13,2008,Leyton Orient,Sheffield United,1,4,3,initial,NA,NA,NA,NA,,
2009-01-14,2008,Crystal Palace,Leicester City,2,1,3,replay,NA,NA,NA,NA,,
2009-01-14,2008,Newcastle United,Hull City,0,1,3,replay,NA,NA,NA,NA,,
2009-01-14,2008,Southend United,Chelsea,1,4,3,replay,NA,NA,NA,NA,,
2009-01-20,2008,Doncaster Rovers,Cheltenham,3,0,3,replay,NA,NA,NA,NA,,
2009-01-23,2008,Derby County,Nottingham Forest,1,1,4,initial,NA,NA,NA,NA,,
2009-01-24,2008,Chelsea,Ipswich Town,3,1,4,initial,NA,NA,NA,NA,,
2009-01-24,2008,Doncaster Rovers,Aston Villa,0,0,4,initial,NA,NA,NA,NA,,
2009-01-24,2008,Hartlepool United,West Ham United,0,2,4,initial,NA,NA,NA,NA,,
2009-01-24,2008,Hull City,Millwall,2,0,4,initial,NA,NA,NA,NA,,
2009-01-24,2008,Kettering Town,Fulham,2,4,4,initial,NA,NA,NA,NA,,
2009-01-24,2008,Manchester United,Tottenham Hotspur,2,1,4,initial,NA,NA,NA,NA,,
2009-01-24,2008,Portsmouth,Swansea City,0,2,4,initial,NA,NA,NA,NA,,
2009-01-24,2008,Sheffield United,Charlton Athletic,2,1,4,initial,NA,NA,NA,NA,,
2009-01-24,2008,Sunderland,Blackburn Rovers,0,0,4,initial,NA,NA,NA,NA,,
2009-01-24,2008,Torquay United,Coventry City,0,1,4,initial,NA,NA,NA,NA,,
2009-01-24,2008,Watford,Crystal Palace,4,3,4,initial,NA,NA,NA,NA,,
2009-01-24,2008,West Bromwich Albion,Burnley,2,2,4,initial,NA,NA,NA,NA,,
2009-01-24,2008,Wolverhampton Wanderers,Middlesbrough,1,2,4,initial,NA,NA,NA,NA,,
2009-01-25,2008,Cardiff City,Arsenal,0,0,4,initial,NA,NA,NA,NA,,
2009-01-25,2008,Liverpool,Everton,1,1,4,initial,NA,NA,NA,NA,,
2009-02-03,2008,Burnley,West Bromwich Albion,3,1,4,replay,NA,NA,NA,NA,,
2009-02-04,2008,Aston Villa,Doncaster Rovers,3,1,4,replay,NA,NA,NA,NA,,
2009-02-04,2008,Blackburn Rovers,Sunderland,2,1,4,replay,yes,NA,NA,NA,,
2009-02-04,2008,Everton,Liverpool,1,0,4,replay,yes,NA,NA,NA,,
2009-02-04,2008,Nottingham Forest,Derby County,2,3,4,replay,NA,NA,NA,NA,,
2009-02-14,2008,Blackburn Rovers,Coventry City,2,2,5,initial,NA,NA,NA,NA,,
2009-02-14,2008,Sheffield United,Hull City,1,1,5,initial,NA,NA,NA,NA,,
2009-02-14,2008,Swansea City,Fulham,1,1,5,initial,NA,NA,NA,NA,,
2009-02-14,2008,Watford,Chelsea,1,3,5,initial,NA,NA,NA,NA,,
2009-02-14,2008,West Ham United,Middlesbrough,1,1,5,initial,NA,NA,NA,NA,,
2009-02-15,2008,Derby County,Manchester United,1,4,5,initial,NA,NA,NA,NA,,
2009-02-15,2008,Everton,Aston Villa,3,1,5,initial,NA,NA,NA,NA,,
2009-02-16,2008,Arsenal,Cardiff City,4,0,4,replay,NA,NA,NA,NA,,
2009-02-24,2008,Coventry City,Blackburn Rovers,1,0,5,replay,NA,NA,NA,NA,,
2009-02-24,2008,Fulham,Swansea City,2,1,5,replay,NA,NA,NA,NA,,
2009-02-25,2008,Middlesbrough,West Ham United,2,0,5,replay,NA,NA,NA,NA,,
2009-02-26,2008,Hull City,Sheffield United,2,1,5,replay,NA,NA,NA,NA,,
2009-03-07,2008,Coventry City,Chelsea,0,2,6,initial,NA,NA,NA,NA,,
2009-03-07,2008,Fulham,Manchester United,0,4,6,initial,NA,NA,NA,NA,,
2009-03-08,2008,Arsenal,Burnley,3,0,5,initial,NA,NA,NA,NA,,
2009-03-08,2008,Everton,Middlesbrough,2,1,6,initial,NA,NA,NA,NA,,
2009-03-17,2008,Arsenal,Hull City,2,1,6,initial,NA,NA,NA,NA,,
2009-04-18,2008,Chelsea,Arsenal,2,1,s,initial,NA,NA,yes,"Wembley (new), London",,
2009-04-19,2008,Everton,Manchester United,0,0,s,initial,yes,yes,yes,"Wembley (new), London",,
2009-05-30,2008,Chelsea,Everton,2,1,f,initial,NA,NA,yes,"Wembley (new), London",,
2009-11-06,2009,Bristol Rovers,Southampton,2,3,1,initial,NA,NA,NA,NA,,
2009-11-06,2009,Huddersfield Town,Dagenham & Redbridge,6,1,1,initial,NA,NA,NA,NA,,
2009-11-06,2009,Notts County,Bradford City,2,1,1,initial,NA,NA,NA,NA,,
2009-11-07,2009,Accrington Stanley,Salisbury City,2,1,1,initial,NA,NA,NA,NA,,
2009-11-07,2009,AFC Telford United,Lincoln City,1,3,1,initial,NA,NA,NA,NA,,
2009-11-07,2009,Aldershot Town,Bury,2,0,1,initial,NA,NA,NA,NA,,
2009-11-07,2009,Barnet,Darlington,3,1,1,initial,NA,NA,NA,NA,,
2009-11-07,2009,Barrow AFC,Eastleigh,2,1,1,initial,NA,NA,NA,NA,,
2009-11-07,2009,Bromley,Colchester United,0,4,1,initial,NA,NA,NA,NA,,
2009-11-07,2009,Cambridge United,Ilkeston Town,4,0,1,initial,NA,NA,NA,NA,,
2009-11-07,2009,Carlisle United,Morecambe,2,2,1,initial,NA,NA,NA,NA,,
2009-11-07,2009,Chesterfield,AFC Bournemouth,1,3,1,initial,NA,NA,NA,NA,,
2009-11-07,2009,Forest Green Rovers,Mansfield Town,1,1,1,initial,NA,NA,NA,NA,,
2009-11-07,2009,Gateshead,Brentford,2,2,1,initial,NA,NA,NA,NA,,
2009-11-07,2009,Gillingham,Southend United,3,0,1,initial,NA,NA,NA,NA,,
2009-11-07,2009,Grimsby Town,Bath City,0,2,1,initial,NA,NA,NA,NA,,
2009-11-07,2009,Hartlepool United,Kettering Town,0,1,1,initial,NA,NA,NA,NA,,
2009-11-07,2009,Hereford United,Sutton United,2,0,1,initial,NA,NA,NA,NA,,
2009-11-07,2009,Luton Town,Rochdale,3,3,1,initial,NA,NA,NA,NA,,
2009-11-07,2009,Milton Keynes Dons,Macclesfield Town,1,0,1,initial,NA,NA,NA,NA,,
2009-11-07,2009,Northampton Town,Fleetwood Town,2,1,1,initial,NA,NA,NA,NA,,
2009-11-07,2009,Nuneaton Town,Exeter City,0,4,1,initial,NA,NA,NA,NA,,
2009-11-07,2009,Oldham Athletic,Leeds United,0,2,1,initial,NA,NA,NA,NA,,
2009-11-07,2009,Oxford United,Yeovil,1,0,1,initial,NA,NA,NA,NA,,
2009-11-07,2009,Paulton Rovers,Norwich City,0,7,1,initial,NA,NA,NA,NA,,
2009-11-07,2009,Port Vale,Stevenage Borough,1,1,1,initial,NA,NA,NA,NA,,
2009-11-07,2009,Rushden & Diamonds,Hinckley United,3,1,1,initial,NA,NA,NA,NA,,
2009-11-07,2009,Shrewsbury Town,Staines Town,0,1,1,initial,NA,NA,NA,NA,,
2009-11-07,2009,Stockport County,Tooting & Mitcham United,5,0,1,initial,NA,NA,NA,NA,,
2009-11-07,2009,Stourbridge,Walsall,0,1,1,initial,NA,NA,NA,NA,,
2009-11-07,2009,Swindon Town,Woking,1,0,1,initial,NA,NA,NA,NA,,
2009-11-07,2009,Torquay United,Cheltenham,3,1,1,initial,NA,NA,NA,NA,,
2009-11-07,2009,Tranmere Rovers,Leyton Orient,1,1,1,initial,NA,NA,NA,NA,,
2009-11-07,2009,Wrexham,Lowestoft Town,1,0,1,initial,NA,NA,NA,NA,,
2009-11-07,2009,Wycombe Wanderers,Brighton & Hove Albion,4,4,1,initial,NA,NA,NA,NA,,
2009-11-07,2009,York City,Crewe Alexandra,3,2,1,initial,NA,NA,NA,NA,,
2009-11-08,2009,Burton Albion,Oxford City,3,2,1,initial,NA,NA,NA,NA,,
2009-11-08,2009,Northwich Victoria,Charlton Athletic,1,0,1,initial,NA,NA,NA,NA,,
2009-11-08,2009,Wealdstone,Rotherham United,2,3,1,initial,NA,NA,NA,NA,,
2009-11-09,2009,Millwall,AFC Wimbledon,4,1,1,initial,NA,NA,NA,NA,,
2009-11-11,2009,Rochdale,Luton Town,0,2,1,replay,NA,NA,NA,NA,,
2009-11-17,2009,Brentford,Gateshead,5,2,1,replay,NA,NA,NA,NA,,
2009-11-17,2009,Leyton Orient,Tranmere Rovers,0,1,1,replay,NA,NA,NA,NA,,
2009-11-17,2009,Mansfield Town,Forest Green Rovers,1,2,1,replay,NA,NA,NA,NA,,
2009-11-17,2009,Morecambe,Carlisle United,0,1,1,replay,NA,NA,NA,NA,,
2009-11-17,2009,Stevenage Borough,Port Vale,0,1,1,replay,NA,NA,NA,NA,,
2009-11-18,2009,Brighton & Hove Albion,Wycombe Wanderers,2,0,1,replay,NA,NA,NA,NA,,
2009-11-28,2009,Accrington Stanley,Barnet,2,2,2,initial,NA,NA,NA,NA,,
2009-11-28,2009,AFC Bournemouth,Notts County,1,2,2,initial,NA,NA,NA,NA,,
2009-11-28,2009,Brentford,Walsall,1,0,2,initial,NA,NA,NA,NA,,
2009-11-28,2009,Brighton & Hove Albion,Rushden & Diamonds,3,2,2,initial,NA,NA,NA,NA,,
2009-11-28,2009,Cambridge United,York City,1,2,2,initial,NA,NA,NA,NA,,
2009-11-28,2009,Carlisle United,Norwich City,3,1,2,initial,NA,NA,NA,NA,,
2009-11-28,2009,Forest Green Rovers,Bath City,2,1,2,initial,NA,NA,NA,NA,,
2009-11-28,2009,Gillingham,Burton Albion,1,0,2,initial,NA,NA,NA,NA,,
2009-11-28,2009,Hereford United,Colchester United,0,1,2,initial,NA,NA,NA,NA,,
2009-11-28,2009,Milton Keynes Dons,Exeter City,4,3,2,initial,NA,NA,NA,NA,,
2009-11-28,2009,Northampton Town,Southampton,2,3,2,initial,NA,NA,NA,NA,,
2009-11-28,2009,Northwich Victoria,Lincoln City,1,3,2,initial,NA,NA,NA,NA,,
2009-11-28,2009,Oxford United,Barrow AFC,1,1,2,initial,NA,NA,NA,NA,,
2009-11-28,2009,Port Vale,Huddersfield Town,0,1,2,initial,NA,NA,NA,NA,,
2009-11-28,2009,Rotherham United,Luton Town,2,2,2,initial,NA,NA,NA,NA,,
2009-11-28,2009,Staines Town,Millwall,1,1,2,initial,NA,NA,NA,NA,,
2009-11-28,2009,Tranmere Rovers,Aldershot Town,0,0,2,initial,NA,NA,NA,NA,,
2009-11-28,2009,Wrexham,Swindon Town,0,1,2,initial,NA,NA,NA,NA,,
2009-11-29,2009,Kettering Town,Leeds United,1,1,2,initial,NA,NA,NA,NA,,
2009-12-08,2009,Aldershot Town,Tranmere Rovers,1,2,2,replay,NA,NA,NA,NA,,
2009-12-08,2009,Barnet,Accrington Stanley,0,1,2,replay,NA,NA,NA,NA,,
2009-12-08,2009,Barrow AFC,Oxford United,3,1,2,replay,NA,NA,NA,NA,,
2009-12-08,2009,Leeds United,Kettering Town,5,1,2,replay,yes,NA,NA,NA,,
2009-12-08,2009,Luton Town,Rotherham United,3,0,2,replay,NA,NA,NA,NA,,
2009-12-09,2009,Millwall,Staines Town,4,0,2,replay,NA,NA,NA,NA,,
2009-12-15,2009,Stockport County,Torquay United,0,4,2,initial,NA,NA,NA,NA,,
2010-01-02,2009,Aston Villa,Blackburn Rovers,3,1,3,initial,NA,NA,NA,NA,,
2010-01-02,2009,Blackpool,Ipswich Town,1,2,3,initial,NA,NA,NA,NA,,
2010-01-02,2009,Bolton Wanderers,Lincoln City,4,0,3,initial,NA,NA,NA,NA,,
2010-01-02,2009,Everton,Carlisle United,3,1,3,initial,NA,NA,NA,NA,,
2010-01-02,2009,Fulham,Swindon Town,1,0,3,initial,NA,NA,NA,NA,,
2010-01-02,2009,Huddersfield Town,West Bromwich Albion,0,2,3,initial,NA,NA,NA,NA,,
2010-01-02,2009,Leicester City,Swansea City,2,1,3,initial,NA,NA,NA,NA,,
2010-01-02,2009,Middlesbrough,Manchester City,0,1,3,initial,NA,NA,NA,NA,,
2010-01-02,2009,Millwall,Derby County,1,1,3,initial,NA,NA,NA,NA,,
2010-01-02,2009,Milton Keynes Dons,Burnley,1,2,3,initial,NA,NA,NA,NA,,
2010-01-02,2009,Nottingham Forest,Birmingham City,0,0,3,initial,NA,NA,NA,NA,,
2010-01-02,2009,Plymouth Argyle,Newcastle United,0,0,3,initial,NA,NA,NA,NA,,
2010-01-02,2009,Portsmouth,Coventry City,1,1,3,initial,NA,NA,NA,NA,,
2010-01-02,2009,Preston North End,Colchester United,7,0,3,initial,NA,NA,NA,NA,,
2010-01-02,2009,Reading,Liverpool,1,1,3,initial,NA,NA,NA,NA,,
2010-01-02,2009,Scunthorpe United,Barnsley,1,0,3,initial,NA,NA,NA,NA,,
2010-01-02,2009,Sheffield Wednesday,Crystal Palace,1,2,3,initial,NA,NA,NA,NA,,
2010-01-02,2009,Southampton,Luton Town,1,0,3,initial,NA,NA,NA,NA,,
2010-01-02,2009,Stoke City,York City,3,1,3,initial,NA,NA,NA,NA,,
2010-01-02,2009,Sunderland,Barrow AFC,3,0,3,initial,NA,NA,NA,NA,,
2010-01-02,2009,Torquay United,Brighton & Hove Albion,0,1,3,initial,NA,NA,NA,NA,,
2010-01-02,2009,Tottenham Hotspur,Peterborough United,4,0,3,initial,NA,NA,NA,NA,,
2010-01-02,2009,Wigan Athletic,Hull City,4,1,3,initial,NA,NA,NA,NA,,
2010-01-03,2009,Chelsea,Watford,5,0,3,initial,NA,NA,NA,NA,,
2010-01-03,2009,Manchester United,Leeds United,0,1,3,initial,NA,NA,NA,NA,,
2010-01-03,2009,Sheffield United,Queens Park Rangers,1,1,3,initial,NA,NA,NA,NA,,
2010-01-03,2009,Tranmere Rovers,Wolverhampton Wanderers,0,1,3,initial,NA,NA,NA,NA,,
2010-01-03,2009,West Ham United,Arsenal,1,2,3,initial,NA,NA,NA,NA,,
2010-01-12,2009,Bristol City,Cardiff City,1,1,3,initial,NA,NA,NA,NA,,
2010-01-12,2009,Birmingham City,Nottingham Forest,1,0,3,replay,NA,NA,NA,NA,,
2010-01-12,2009,Coventry City,Portsmouth,1,2,3,replay,yes,NA,NA,NA,,
2010-01-12,2009,Derby County,Millwall,1,1,3,replay,yes,yes,NA,NA,,
2010-01-12,2009,Queens Park Rangers,Sheffield United,2,3,3,replay,NA,NA,NA,NA,,
2010-01-13,2009,Liverpool,Reading,1,2,3,replay,yes,NA,NA,NA,,
2010-01-13,2009,Newcastle United,Plymouth Argyle,3,0,3,replay,NA,NA,NA,NA,,
2010-01-19,2009,Accrington Stanley,Gillingham,1,0,3,initial,NA,NA,NA,NA,,
2010-01-19,2009,Brentford,Doncaster Rovers,0,1,3,initial,NA,NA,NA,NA,,
2010-01-19,2009,Notts County,Forest Green Rovers,2,1,3,initial,NA,NA,NA,NA,,
2010-01-19,2009,Cardiff City,Bristol City,1,0,3,replay,NA,NA,NA,NA,,
2010-01-23,2009,Accrington Stanley,Fulham,1,3,4,initial,NA,NA,NA,NA,,
2010-01-23,2009,Aston Villa,Brighton & Hove Albion,3,2,4,initial,NA,NA,NA,NA,,
2010-01-23,2009,Bolton Wanderers,Sheffield United,2,0,4,initial,NA,NA,NA,NA,,
2010-01-23,2009,Cardiff City,Leicester City,4,2,4,initial,NA,NA,NA,NA,,
2010-01-23,2009,Derby County,Doncaster Rovers,1,0,4,initial,NA,NA,NA,NA,,
2010-01-23,2009,Everton,Birmingham City,1,2,4,initial,NA,NA,NA,NA,,
2010-01-23,2009,Notts County,Wigan Athletic,2,2,4,initial,NA,NA,NA,NA,,
2010-01-23,2009,Portsmouth,Sunderland,2,1,4,initial,NA,NA,NA,NA,,
2010-01-23,2009,Preston North End,Chelsea,0,2,4,initial,NA,NA,NA,NA,,
2010-01-23,2009,Reading,Burnley,1,0,4,initial,NA,NA,NA,NA,,
2010-01-23,2009,Southampton,Ipswich Town,2,1,4,initial,NA,NA,NA,NA,,
2010-01-23,2009,Tottenham Hotspur,Leeds United,2,2,4,initial,NA,NA,NA,NA,,
2010-01-23,2009,West Bromwich Albion,Newcastle United,4,2,4,initial,NA,NA,NA,NA,,
2010-01-23,2009,Wolverhampton Wanderers,Crystal Palace,2,2,4,initial,NA,NA,NA,NA,,
2010-01-24,2009,Scunthorpe United,Manchester City,2,4,4,initial,NA,NA,NA,NA,,
2010-01-24,2009,Stoke City,Arsenal,3,1,4,initial,NA,NA,NA,NA,,
2010-02-02,2009,Crystal Palace,Wolverhampton Wanderers,3,1,4,replay,NA,NA,NA,NA,,
2010-02-02,2009,Wigan Athletic,Notts County,0,2,4,replay,NA,NA,NA,NA,,
2010-02-03,2009,Leeds United,Tottenham Hotspur,1,3,4,replay,NA,NA,NA,NA,,
2010-02-13,2009,Chelsea,Cardiff City,4,1,5,initial,NA,NA,NA,NA,,
2010-02-13,2009,Derby County,Birmingham City,1,2,5,initial,NA,NA,NA,NA,,
2010-02-13,2009,Manchester City,Stoke City,1,1,5,initial,NA,NA,NA,NA,,
2010-02-13,2009,Reading,West Bromwich Albion,2,2,5,initial,NA,NA,NA,NA,,
2010-02-13,2009,Southampton,Portsmouth,1,4,5,initial,NA,NA,NA,NA,,
2010-02-14,2009,Bolton Wanderers,Tottenham Hotspur,1,1,5,initial,NA,NA,NA,NA,,
2010-02-14,2009,Crystal Palace,Aston Villa,2,2,5,initial,NA,NA,NA,NA,,
2010-02-14,2009,Fulham,Notts County,4,0,5,initial,NA,NA,NA,NA,,
2010-02-24,2009,Aston Villa,Crystal Palace,3,1,5,replay,NA,NA,NA,NA,,
2010-02-24,2009,Stoke City,Manchester City,3,1,5,replay,yes,NA,NA,NA,,
2010-02-24,2009,Tottenham Hotspur,Bolton Wanderers,4,0,5,replay,NA,NA,NA,NA,,
2010-02-24,2009,West Bromwich Albion,Reading,2,3,5,replay,yes,NA,NA,NA,,
2010-03-06,2009,Fulham,Tottenham Hotspur,0,0,6,initial,NA,NA,NA,NA,,
2010-03-06,2009,Portsmouth,Birmingham City,2,0,6,initial,NA,NA,NA,NA,,
2010-03-07,2009,Chelsea,Stoke City,2,0,6,initial,NA,NA,NA,NA,,
2010-03-07,2009,Reading,Aston Villa,2,4,6,initial,NA,NA,NA,NA,,
2010-03-24,2009,Tottenham Hotspur,Fulham,3,1,6,replay,NA,NA,NA,NA,,
2010-04-10,2009,Chelsea,Aston Villa,3,0,s,initial,NA,NA,yes,"Wembley (new), London",,
2010-04-11,2009,Portsmouth,Tottenham Hotspur,2,0,s,initial,yes,NA,yes,"Wembley (new), London",,
2010-05-15,2009,Chelsea,Portsmouth,1,0,f,initial,NA,NA,yes,"Wembley (new), London",,
2010-11-05,2010,Rochdale,United of Manchester,2,3,1,initial,NA,NA,NA,NA,,
2010-11-06,2010,Accrington Stanley,Oldham Athletic,3,2,1,initial,NA,NA,NA,NA,,
2010-11-06,2010,AFC Bournemouth,Tranmere Rovers,5,3,1,initial,NA,NA,NA,NA,,
2010-11-06,2010,AFC Wimbledon,Ebbsfleet United,0,0,1,initial,NA,NA,NA,NA,,
2010-11-06,2010,Barnet,Charlton Athletic,0,0,1,initial,NA,NA,NA,NA,,
2010-11-06,2010,Brentford,Aldershot Town,1,1,1,initial,NA,NA,NA,NA,,
2010-11-06,2010,Brighton & Hove Albion,Woking,0,0,1,initial,NA,NA,NA,NA,,
2010-11-06,2010,Bury,Exeter City,2,0,1,initial,NA,NA,NA,NA,,
2010-11-06,2010,Cambridge United,Huddersfield Town,0,0,1,initial,NA,NA,NA,NA,,
2010-11-06,2010,Carlisle United,Tipton Town,6,0,1,initial,NA,NA,NA,NA,,
2010-11-06,2010,Chelmsford City,Hendon,3,2,1,initial,NA,NA,NA,NA,,
2010-11-06,2010,Cheltenham,Morecambe,1,0,1,initial,NA,NA,NA,NA,,
2010-11-06,2010,Colchester United,Bradford City,4,3,1,initial,NA,NA,NA,NA,,
2010-11-06,2010,Corby Town,Luton Town,1,1,1,initial,NA,NA,NA,NA,,
2010-11-06,2010,Dagenham & Redbridge,Leyton Orient,1,1,1,initial,NA,NA,NA,NA,,
2010-11-06,2010,Darlington,Bristol Rovers,2,1,1,initial,NA,NA,NA,NA,,
2010-11-06,2010,Dartford,Port Vale,1,1,1,initial,NA,NA,NA,NA,,
2010-11-06,2010,Fleetwood Town,Walsall,1,1,1,initial,NA,NA,NA,NA,,
2010-11-06,2010,Forest Green Rovers,Northampton Town,0,3,1,initial,NA,NA,NA,NA,,
2010-11-06,2010,Gillingham,Dover Athletic,0,2,1,initial,NA,NA,NA,NA,,
2010-11-06,2010,Guiseley AFC,Crawley Town,0,5,1,initial,NA,NA,NA,NA,,
2010-11-06,2010,Harrow Borough,Chesterfield,0,2,1,initial,NA,NA,NA,NA,,
2010-11-06,2010,Hartlepool United,Vauxhall Motors,0,0,1,initial,NA,NA,NA,NA,,
2010-11-06,2010,Havant & Waterlooville,Droylsden,0,2,1,initial,NA,NA,NA,NA,,
2010-11-06,2010,Hayes & Yeading,Wycombe Wanderers,1,2,1,initial,NA,NA,NA,NA,,
2010-11-06,2010,Hereford United,Hythe Town,5,1,1,initial,NA,NA,NA,NA,,
2010-11-06,2010,Lincoln City,Nuneaton Town,1,0,1,initial,NA,NA,NA,NA,,
2010-11-06,2010,Macclesfield Town,Southend United,2,2,1,initial,NA,NA,NA,NA,,
2010-11-06,2010,Mansfield Town,Torquay United,0,1,1,initial,NA,NA,NA,NA,,
2010-11-06,2010,Notts County,Gateshead,2,0,1,initial,NA,NA,NA,NA,,
2010-11-06,2010,Plymouth Argyle,Swindon Town,0,4,1,initial,NA,NA,NA,NA,,
2010-11-06,2010,Rotherham United,York City,0,0,1,initial,NA,NA,NA,NA,,
2010-11-06,2010,Rushden & Diamonds,Yeovil,0,1,1,initial,NA,NA,NA,NA,,
2010-11-06,2010,Southampton,Shrewsbury Town,2,0,1,initial,NA,NA,NA,NA,,
2010-11-06,2010,Stevenage Borough,Milton Keynes Dons,0,0,1,initial,NA,NA,NA,NA,,
2010-11-06,2010,Stockport County,Peterborough United,1,1,1,initial,NA,NA,NA,NA,,
2010-11-06,2010,Swindon Supermarine,Eastwood Town,2,1,1,initial,NA,NA,NA,NA,,
2010-11-06,2010,Tamworth,Crewe Alexandra,2,1,1,initial,NA,NA,NA,NA,,
2010-11-07,2010,Burton Albion,Oxford United,1,0,1,initial,NA,NA,NA,NA,,
2010-11-07,2010,Southport,Sheffield Wednesday,2,5,1,initial,NA,NA,NA,NA,,
2010-11-16,2010,Aldershot Town,Brentford,1,0,1,replay,NA,NA,NA,NA,,
2010-11-16,2010,Charlton Athletic,Barnet,1,0,1,replay,NA,NA,NA,NA,,
2010-11-16,2010,Huddersfield Town,Cambridge United,2,1,1,replay,NA,NA,NA,NA,,
2010-11-16,2010,Leyton Orient,Dagenham & Redbridge,3,2,1,replay,NA,NA,NA,NA,,
2010-11-16,2010,Milton Keynes Dons,Stevenage Borough,1,1,1,replay,yes,yes,NA,NA,,
2010-11-16,2010,Peterborough United,Stockport County,4,1,1,replay,NA,NA,NA,NA,,
2010-11-16,2010,Port Vale,Dartford,4,0,1,replay,NA,NA,NA,NA,,
2010-11-16,2010,Southend United,Macclesfield Town,2,2,1,replay,yes,yes,NA,NA,,
2010-11-16,2010,Vauxhall Motors,Hartlepool United,0,1,1,replay,NA,NA,NA,NA,,
2010-11-16,2010,Walsall,Fleetwood Town,2,0,1,replay,NA,NA,NA,NA,,
2010-11-16,2010,Woking,Brighton & Hove Albion,2,2,1,replay,yes,yes,NA,NA,,
2010-11-17,2010,Luton Town,Corby Town,4,2,1,replay,NA,NA,NA,NA,,
2010-11-17,2010,York City,Rotherham United,3,0,1,replay,NA,NA,NA,NA,,
2010-11-18,2010,Ebbsfleet United,AFC Wimbledon,2,3,1,replay,yes,NA,NA,NA,,
2010-11-26,2010,Crawley Town,Swindon Town,1,1,2,initial,NA,NA,NA,NA,,
2010-11-26,2010,Port Vale,Accrington Stanley,1,0,2,initial,NA,NA,NA,NA,,
2010-11-27,2010,AFC Wimbledon,Stevenage Borough,0,2,2,initial,NA,NA,NA,NA,,
2010-11-27,2010,Brighton & Hove Albion,United of Manchester,1,1,2,initial,NA,NA,NA,NA,,
2010-11-27,2010,Burton Albion,Chesterfield,3,1,2,initial,NA,NA,NA,NA,,
2010-11-27,2010,Bury,Peterborough United,1,2,2,initial,NA,NA,NA,NA,,
2010-11-27,2010,Carlisle United,Tamworth,3,2,2,initial,NA,NA,NA,NA,,
2010-11-27,2010,Charlton Athletic,Luton Town,2,2,2,initial,NA,NA,NA,NA,,
2010-11-27,2010,Colchester United,Swindon Supermarine,1,0,2,initial,NA,NA,NA,NA,,
2010-11-27,2010,Darlington,York City,0,2,2,initial,NA,NA,NA,NA,,
2010-11-27,2010,Dover Athletic,Aldershot Town,2,0,2,initial,NA,NA,NA,NA,,
2010-11-27,2010,Hereford United,Lincoln City,2,2,2,initial,NA,NA,NA,NA,,
2010-11-27,2010,Huddersfield Town,Macclesfield Town,6,0,2,initial,NA,NA,NA,NA,,
2010-11-27,2010,Sheffield Wednesday,Northampton Town,3,2,2,initial,NA,NA,NA,NA,,
2010-11-27,2010,Southampton,Cheltenham,3,0,2,initial,NA,NA,NA,NA,,
2010-11-27,2010,Torquay United,Walsall,1,0,2,initial,NA,NA,NA,NA,,
2010-11-27,2010,Wycombe Wanderers,Chelmsford City,3,1,2,initial,NA,NA,NA,NA,,
2010-11-29,2010,Droylsden,Leyton Orient,1,1,2,initial,NA,NA,NA,NA,,
2010-12-07,2010,Leyton Orient,Droylsden,8,2,2,replay,yes,NA,NA,NA,,
2010-12-07,2010,Swindon Town,Crawley Town,2,3,2,replay,yes,NA,NA,NA,,
2010-12-08,2010,United of Manchester,Brighton & Hove Albion,0,4,2,replay,NA,NA,NA,NA,,
2010-12-09,2010,Luton Town,Charlton Athletic,1,3,2,replay,NA,NA,NA,NA,,
2010-12-14,2010,Hartlepool United,Yeovil,4,2,2,initial,NA,NA,NA,NA,,
2010-12-14,2010,Notts County,AFC Bournemouth,3,1,2,initial,NA,NA,NA,NA,,
2011-01-08,2010,Lincoln City,Hereford United,3,4,2,replay,NA,NA,NA,NA,,
2011-01-08,2010,Arsenal,Leeds United,1,1,3,initial,NA,NA,NA,NA,,
2011-01-08,2010,Blackburn Rovers,Queens Park Rangers,1,0,3,initial,NA,NA,NA,NA,,
2011-01-08,2010,Bolton Wanderers,York City,2,0,3,initial,NA,NA,NA,NA,,
2011-01-08,2010,Brighton & Hove Albion,Portsmouth,3,1,3,initial,NA,NA,NA,NA,,
2011-01-08,2010,Bristol City,Sheffield Wednesday,0,3,3,initial,NA,NA,NA,NA,,
2011-01-08,2010,Burnley,Port Vale,4,2,3,initial,NA,NA,NA,NA,,
2011-01-08,2010,Burton Albion,Middlesbrough,2,1,3,initial,NA,NA,NA,NA,,
2011-01-08,2010,Coventry City,Crystal Palace,2,1,3,initial,NA,NA,NA,NA,,
2011-01-08,2010,Doncaster Rovers,Wolverhampton Wanderers,2,2,3,initial,NA,NA,NA,NA,,
2011-01-08,2010,Fulham,Peterborough United,6,2,3,initial,NA,NA,NA,NA,,
2011-01-08,2010,Huddersfield Town,Dover Athletic,2,0,3,initial,NA,NA,NA,NA,,
2011-01-08,2010,Hull City,Wigan Athletic,2,3,3,initial,NA,NA,NA,NA,,
2011-01-08,2010,Millwall,Birmingham City,1,4,3,initial,NA,NA,NA,NA,,
2011-01-08,2010,Norwich City,Leyton Orient,0,1,3,initial,NA,NA,NA,NA,,
2011-01-08,2010,Preston North End,Nottingham Forest,1,2,3,initial,NA,NA,NA,NA,,
2011-01-08,2010,Reading,West Bromwich Albion,1,0,3,initial,NA,NA,NA,NA,,
2011-01-08,2010,Scunthorpe United,Everton,1,5,3,initial,NA,NA,NA,NA,,
2011-01-08,2010,Sheffield United,Aston Villa,1,3,3,initial,NA,NA,NA,NA,,
2011-01-08,2010,Southampton,Blackpool,2,0,3,initial,NA,NA,NA,NA,,
2011-01-08,2010,Stevenage Borough,Newcastle United,3,1,3,initial,NA,NA,NA,NA,,
2011-01-08,2010,Stoke City,Cardiff City,1,1,3,initial,NA,NA,NA,NA,,
2011-01-08,2010,Sunderland,Notts County,1,2,3,initial,NA,NA,NA,NA,,
2011-01-08,2010,Swansea City,Colchester United,4,0,3,initial,NA,NA,NA,NA,,
2011-01-08,2010,Torquay United,Carlisle United,1,0,3,initial,NA,NA,NA,NA,,
2011-01-08,2010,Watford,Hartlepool United,4,1,3,initial,NA,NA,NA,NA,,
2011-01-08,2010,West Ham United,Barnsley,2,0,3,initial,NA,NA,NA,NA,,
2011-01-09,2010,Chelsea,Ipswich Town,7,0,3,initial,NA,NA,NA,NA,,
2011-01-09,2010,Leicester City,Manchester City,2,2,3,initial,NA,NA,NA,NA,,
2011-01-09,2010,Manchester United,Liverpool,1,0,3,initial,NA,NA,NA,NA,,
2011-01-09,2010,Tottenham Hotspur,Charlton Athletic,3,0,3,initial,NA,NA,NA,NA,,
2011-01-10,2010,Crawley Town,Derby County,2,1,3,initial,NA,NA,NA,NA,,
2011-01-11,2010,Wycombe Wanderers,Hereford United,0,1,3,initial,NA,NA,NA,NA,,
2011-01-18,2010,Cardiff City,Stoke City,0,2,3,replay,yes,NA,NA,NA,,
2011-01-18,2010,Manchester City,Leicester City,4,2,3,replay,NA,NA,NA,NA,,
2011-01-18,2010,Wolverhampton Wanderers,Doncaster Rovers,5,0,3,replay,NA,NA,NA,NA,,
2011-01-19,2010,Leeds United,Arsenal,1,3,3,replay,NA,NA,NA,NA,,
2011-01-29,2010,Aston Villa,Blackburn Rovers,3,1,4,initial,NA,NA,NA,NA,,
2011-01-29,2010,Birmingham City,Coventry City,3,2,4,initial,NA,NA,NA,NA,,
2011-01-29,2010,Bolton Wanderers,Wigan Athletic,0,0,4,initial,NA,NA,NA,NA,,
2011-01-29,2010,Burnley,Burton Albion,3,1,4,initial,NA,NA,NA,NA,,
2011-01-29,2010,Everton,Chelsea,1,1,4,initial,NA,NA,NA,NA,,
2011-01-29,2010,Sheffield Wednesday,Hereford United,4,1,4,initial,NA,NA,NA,NA,,
2011-01-29,2010,Southampton,Manchester United,1,2,4,initial,NA,NA,NA,NA,,
2011-01-29,2010,Stevenage Borough,Reading,1,2,4,initial,NA,NA,NA,NA,,
2011-01-29,2010,Swansea City,Leyton Orient,1,2,4,initial,NA,NA,NA,NA,,
2011-01-29,2010,Torquay United,Crawley Town,0,1,4,initial,NA,NA,NA,NA,,
2011-01-29,2010,Watford,Brighton & Hove Albion,0,1,4,initial,NA,NA,NA,NA,,
2011-01-30,2010,Arsenal,Huddersfield Town,2,1,4,initial,NA,NA,NA,NA,,
2011-01-30,2010,Fulham,Tottenham Hotspur,4,0,4,initial,NA,NA,NA,NA,,
2011-01-30,2010,Notts County,Manchester City,1,1,4,initial,NA,NA,NA,NA,,
2011-01-30,2010,West Ham United,Nottingham Forest,3,2,4,initial,NA,NA,NA,NA,,
2011-01-30,2010,Wolverhampton Wanderers,Stoke City,0,1,4,initial,NA,NA,NA,NA,,
2011-02-16,2010,Wigan Athletic,Bolton Wanderers,0,1,4,replay,NA,NA,NA,NA,,
2011-02-19,2010,Chelsea,Everton,1,1,4,replay,yes,yes,NA,NA,,
2011-02-19,2010,Birmingham City,Sheffield Wednesday,3,0,5,initial,NA,NA,NA,NA,,
2011-02-19,2010,Manchester United,Crawley Town,1,0,5,initial,NA,NA,NA,NA,,
2011-02-19,2010,Stoke City,Brighton & Hove Albion,3,0,5,initial,NA,NA,NA,NA,,
2011-02-20,2010,Manchester City,Notts County,5,0,4,replay,NA,NA,NA,NA,,
2011-02-20,2010,Fulham,Bolton Wanderers,0,1,5,initial,NA,NA,NA,NA,,
2011-02-20,2010,Leyton Orient,Arsenal,1,1,5,initial,NA,NA,NA,NA,,
2011-02-21,2010,West Ham United,Burnley,5,1,5,initial,NA,NA,NA,NA,,
2011-03-01,2010,Everton,Reading,0,1,5,initial,NA,NA,NA,NA,,
2011-03-02,2010,Manchester City,Aston Villa,3,0,5,initial,NA,NA,NA,NA,,
2011-03-12,2010,Birmingham City,Bolton Wanderers,2,3,6,initial,NA,NA,NA,NA,,
2011-03-12,2010,Manchester United,Arsenal,2,0,6,initial,NA,NA,NA,NA,,
2011-03-13,2010,Manchester City,Reading,1,0,6,initial,NA,NA,NA,NA,,
2011-03-13,2010,Stoke City,West Ham United,2,1,6,initial,NA,NA,NA,NA,,
2011-04-16,2010,Manchester City,Manchester United,1,0,s,initial,NA,NA,yes,"Wembley (new), London",,
2011-04-17,2010,Stoke City,Bolton Wanderers,5,0,s,initial,NA,NA,yes,"Wembley (new), London",,
2011-05-14,2010,Manchester City,Stoke City,1,0,f,initial,NA,NA,yes,"Wembley (new), London",,
2011-11-11,2011,Cambridge United,Wrexham,2,2,1,initial,NA,NA,NA,NA,,
2011-11-12,2011,AFC Bournemouth,Gillingham,3,3,1,initial,NA,NA,NA,NA,,
2011-11-12,2011,AFC Totton,Bradford Park Avenue,8,1,1,initial,NA,NA,NA,NA,,
2011-11-12,2011,AFC Wimbledon,Scunthorpe United,0,0,1,initial,NA,NA,NA,NA,,
2011-11-12,2011,Alfreton Town,Carlisle United,0,4,1,initial,NA,NA,NA,NA,,
2011-11-12,2011,Barrow AFC,Rotherham United,1,2,1,initial,NA,NA,NA,NA,,
2011-11-12,2011,Blyth Spartans,Gateshead,0,2,1,initial,NA,NA,NA,NA,,
2011-11-12,2011,Bradford City,Rochdale,1,0,1,initial,NA,NA,NA,NA,,
2011-11-12,2011,Brentford,Basingstoke Town,1,0,1,initial,NA,NA,NA,NA,,
2011-11-12,2011,Bristol Rovers,Corby Town,3,1,1,initial,NA,NA,NA,NA,,
2011-11-12,2011,Bury,Crawley Town,0,2,1,initial,NA,NA,NA,NA,,
2011-11-12,2011,Chelmsford City,AFC Telford United,4,0,1,initial,NA,NA,NA,NA,,
2011-11-12,2011,Chesterfield,Torquay United,1,3,1,initial,NA,NA,NA,NA,,
2011-11-12,2011,Crewe Alexandra,Colchester United,1,4,1,initial,NA,NA,NA,NA,,
2011-11-12,2011,Dagenham & Redbridge,Bath City,1,1,1,initial,NA,NA,NA,NA,,
2011-11-12,2011,East Thurrock United,Macclesfield Town,0,3,1,initial,NA,NA,NA,NA,,
2011-11-12,2011,Exeter City,Walsall,1,1,1,initial,NA,NA,NA,NA,,
2011-11-12,2011,Fleetwood Town,Wycombe Wanderers,2,0,1,initial,NA,NA,NA,NA,,
2011-11-12,2011,Hartlepool United,Stevenage Borough,0,1,1,initial,NA,NA,NA,NA,,
2011-11-12,2011,Hereford United,Yeovil,0,3,1,initial,NA,NA,NA,NA,,
2011-11-12,2011,Hinckley United,Tamworth,2,2,1,initial,NA,NA,NA,NA,,
2011-11-12,2011,Leyton Orient,Bromley,3,0,1,initial,NA,NA,NA,NA,,
2011-11-12,2011,Luton Town,Northampton Town,1,0,1,initial,NA,NA,NA,NA,,
2011-11-12,2011,Maidenhead United,Aldershot Town,1,1,1,initial,NA,NA,NA,NA,,
2011-11-12,2011,Milton Keynes Dons,Nantwich Town,6,0,1,initial,NA,NA,NA,NA,,
2011-11-12,2011,Newport County,Shrewsbury Town,0,1,1,initial,NA,NA,NA,NA,,
2011-11-12,2011,Notts County,Accrington Stanley,4,1,1,initial,NA,NA,NA,NA,,
2011-11-12,2011,Oldham Athletic,Burton Albion,3,1,1,initial,NA,NA,NA,NA,,
2011-11-12,2011,Plymouth Argyle,Stourbridge,3,3,1,initial,NA,NA,NA,NA,,
2011-11-12,2011,Port Vale,Grimsby Town,0,0,1,initial,NA,NA,NA,NA,,
2011-11-12,2011,Preston North End,Southend United,0,0,1,initial,NA,NA,NA,NA,,
2011-11-12,2011,Redbridge,Oxford City,0,0,1,initial,NA,NA,NA,NA,,
2011-11-12,2011,Salisbury City,Arlesey Town,3,1,1,initial,NA,NA,NA,NA,,
2011-11-12,2011,Sheffield United,Oxford United,3,0,1,initial,NA,NA,NA,NA,,
2011-11-12,2011,Southport,Barnet,1,2,1,initial,NA,NA,NA,NA,,
2011-11-12,2011,Sutton United,Kettering Town,1,0,1,initial,NA,NA,NA,NA,,
2011-11-12,2011,Swindon Town,Huddersfield Town,4,1,1,initial,NA,NA,NA,NA,,
2011-11-12,2011,Tranmere Rovers,Cheltenham,0,1,1,initial,NA,NA,NA,NA,,
2011-11-13,2011,Halifax Town,Charlton Athletic,0,4,1,initial,NA,NA,NA,NA,,
2011-11-13,2011,Morecambe,Sheffield Wednesday,1,2,1,initial,NA,NA,NA,NA,,
2011-11-22,2011,Aldershot Town,Maidenhead United,2,0,1,replay,NA,NA,NA,NA,,
2011-11-22,2011,Gillingham,AFC Bournemouth,3,2,1,replay,NA,NA,NA,NA,,
2011-11-22,2011,Grimsby Town,Port Vale,1,0,1,replay,NA,NA,NA,NA,,
2011-11-22,2011,Oxford City,Redbridge,1,2,1,replay,yes,NA,NA,NA,,
2011-11-22,2011,Scunthorpe United,AFC Wimbledon,0,1,1,replay,NA,NA,NA,NA,,
2011-11-22,2011,Southend United,Preston North End,1,0,1,replay,NA,NA,NA,NA,,
2011-11-22,2011,Stourbridge,Plymouth Argyle,2,0,1,replay,NA,NA,NA,NA,,
2011-11-22,2011,Tamworth,Hinckley United,1,0,1,replay,NA,NA,NA,NA,,
2011-11-22,2011,Wrexham,Cambridge United,2,1,1,replay,NA,NA,NA,NA,,
2011-11-23,2011,Bath City,Dagenham & Redbridge,1,3,1,replay,yes,NA,NA,NA,,
2011-11-23,2011,Walsall,Exeter City,3,2,1,replay,yes,NA,NA,NA,,
2011-12-02,2011,Fleetwood Town,Yeovil,2,2,2,initial,NA,NA,NA,NA,,
2011-12-03,2011,Barnet,Milton Keynes Dons,1,3,2,initial,NA,NA,NA,NA,,
2011-12-03,2011,Bradford City,AFC Wimbledon,3,1,2,initial,NA,NA,NA,NA,,
2011-12-03,2011,Brentford,Wrexham,0,1,2,initial,NA,NA,NA,NA,,
2011-12-03,2011,Charlton Athletic,Carlisle United,2,0,2,initial,NA,NA,NA,NA,,
2011-12-03,2011,Chelmsford City,Macclesfield Town,1,1,2,initial,NA,NA,NA,NA,,
2011-12-03,2011,Colchester United,Swindon Town,0,1,2,initial,NA,NA,NA,NA,,
2011-12-03,2011,Crawley Town,Redbridge,5,0,2,initial,NA,NA,NA,NA,,
2011-12-03,2011,Dagenham & Redbridge,Walsall,1,1,2,initial,NA,NA,NA,NA,,
2011-12-03,2011,Gateshead,Tamworth,1,2,2,initial,NA,NA,NA,NA,,
2011-12-03,2011,Leyton Orient,Gillingham,0,1,2,initial,NA,NA,NA,NA,,
2011-12-03,2011,Luton Town,Cheltenham,2,4,2,initial,NA,NA,NA,NA,,
2011-12-03,2011,Salisbury City,Grimsby Town,0,0,2,initial,NA,NA,NA,NA,,
2011-12-03,2011,Sheffield United,Torquay United,3,2,2,initial,NA,NA,NA,NA,,
2011-12-03,2011,Sheffield Wednesday,Aldershot Town,1,0,2,initial,NA,NA,NA,NA,,
2011-12-03,2011,Shrewsbury Town,Rotherham United,2,1,2,initial,NA,NA,NA,NA,,
2011-12-03,2011,Southend United,Oldham Athletic,1,1,2,initial,NA,NA,NA,NA,,
2011-12-03,2011,Stourbridge,Stevenage Borough,0,3,2,initial,NA,NA,NA,NA,,
2011-12-04,2011,AFC Totton,Bristol Rovers,1,6,2,initial,NA,NA,NA,NA,,
2011-12-04,2011,Sutton United,Notts County,0,2,2,initial,NA,NA,NA,NA,,
2011-12-13,2011,Grimsby Town,Salisbury City,2,3,2,replay,yes,NA,NA,NA,,
2011-12-13,2011,Oldham Athletic,Southend United,1,0,2,replay,NA,NA,NA,NA,,
2011-12-13,2011,Walsall,Dagenham & Redbridge,0,0,2,replay,yes,yes,NA,NA,,
2011-12-13,2011,Yeovil,Fleetwood Town,0,2,2,replay,NA,NA,NA,NA,,
2011-12-14,2011,Macclesfield Town,Chelmsford City,1,0,2,replay,NA,NA,NA,NA,,
2012-01-06,2011,Liverpool,Oldham Athletic,5,1,3,initial,NA,NA,NA,NA,,
2012-01-07,2011,Barnsley,Swansea City,2,4,3,initial,NA,NA,NA,NA,,
2012-01-07,2011,Birmingham City,Wolverhampton Wanderers,0,0,3,initial,NA,NA,NA,NA,,
2012-01-07,2011,Brighton & Hove Albion,Wrexham,1,1,3,initial,NA,NA,NA,NA,,
2012-01-07,2011,Bristol Rovers,Aston Villa,1,3,3,initial,NA,NA,NA,NA,,
2012-01-07,2011,Coventry City,Southampton,1,2,3,initial,NA,NA,NA,NA,,
2012-01-07,2011,Crawley Town,Bristol City,1,0,3,initial,NA,NA,NA,NA,,
2012-01-07,2011,Dagenham & Redbridge,Millwall,0,0,3,initial,NA,NA,NA,NA,,
2012-01-07,2011,Derby County,Crystal Palace,1,0,3,initial,NA,NA,NA,NA,,
2012-01-07,2011,Doncaster Rovers,Notts County,0,2,3,initial,NA,NA,NA,NA,,
2012-01-07,2011,Everton,Tamworth,2,0,3,initial,NA,NA,NA,NA,,
2012-01-07,2011,Fleetwood Town,Blackpool,1,5,3,initial,NA,NA,NA,NA,,
2012-01-07,2011,Fulham,Charlton Athletic,4,0,3,initial,NA,NA,NA,NA,,
2012-01-07,2011,Gillingham,Stoke City,1,3,3,initial,NA,NA,NA,NA,,
2012-01-07,2011,Hull City,Ipswich Town,3,1,3,initial,NA,NA,NA,NA,,
2012-01-07,2011,Macclesfield Town,Bolton Wanderers,2,2,3,initial,NA,NA,NA,NA,,
2012-01-07,2011,Middlesbrough,Shrewsbury Town,1,0,3,initial,NA,NA,NA,NA,,
2012-01-07,2011,Milton Keynes Dons,Queens Park Rangers,1,1,3,initial,NA,NA,NA,NA,,
2012-01-07,2011,Newcastle United,Blackburn Rovers,2,1,3,initial,NA,NA,NA,NA,,
2012-01-07,2011,Norwich City,Burnley,4,1,3,initial,NA,NA,NA,NA,,
2012-01-07,2011,Nottingham Forest,Leicester City,0,0,3,initial,NA,NA,NA,NA,,
2012-01-07,2011,Reading,Stevenage Borough,0,1,3,initial,NA,NA,NA,NA,,
2012-01-07,2011,Sheffield United,Salisbury City,3,1,3,initial,NA,NA,NA,NA,,
2012-01-07,2011,Swindon Town,Wigan Athletic,2,1,3,initial,NA,NA,NA,NA,,
2012-01-07,2011,Tottenham Hotspur,Cheltenham,3,0,3,initial,NA,NA,NA,NA,,
2012-01-07,2011,Watford,Bradford City,4,2,3,initial,NA,NA,NA,NA,,
2012-01-07,2011,West Bromwich Albion,Cardiff City,4,2,3,initial,NA,NA,NA,NA,,
2012-01-08,2011,Chelsea,Portsmouth,4,0,3,initial,NA,NA,NA,NA,,
2012-01-08,2011,Manchester City,Manchester United,2,3,3,initial,NA,NA,NA,NA,,
2012-01-08,2011,Peterborough United,Sunderland,0,2,3,initial,NA,NA,NA,NA,,
2012-01-08,2011,Sheffield Wednesday,West Ham United,1,0,3,initial,NA,NA,NA,NA,,
2012-01-09,2011,Arsenal,Leeds United,1,0,3,initial,NA,NA,NA,NA,,
2012-01-17,2011,Bolton Wanderers,Macclesfield Town,2,0,3,replay,NA,NA,NA,NA,,
2012-01-17,2011,Leicester City,Nottingham Forest,4,0,3,replay,NA,NA,NA,NA,,
2012-01-17,2011,Millwall,Dagenham & Redbridge,5,0,3,replay,NA,NA,NA,NA,,
2012-01-17,2011,Queens Park Rangers,Milton Keynes Dons,1,0,3,replay,NA,NA,NA,NA,,
2012-01-18,2011,Wolverhampton Wanderers,Birmingham City,0,1,3,replay,NA,NA,NA,NA,,
2012-01-18,2011,Wrexham,Brighton & Hove Albion,1,1,3,replay,yes,yes,NA,NA,,
2012-01-27,2011,Everton,Fulham,2,1,4,initial,NA,NA,NA,NA,,
2012-01-27,2011,Watford,Tottenham Hotspur,0,1,4,initial,NA,NA,NA,NA,,
2012-01-28,2011,Blackpool,Sheffield Wednesday,1,1,4,initial,NA,NA,NA,NA,,
2012-01-28,2011,Bolton Wanderers,Swansea City,2,1,4,initial,NA,NA,NA,NA,,
2012-01-28,2011,Brighton & Hove Albion,Newcastle United,1,0,4,initial,NA,NA,NA,NA,,
2012-01-28,2011,Derby County,Stoke City,0,2,4,initial,NA,NA,NA,NA,,
2012-01-28,2011,Hull City,Crawley Town,0,1,4,initial,NA,NA,NA,NA,,
2012-01-28,2011,Leicester City,Swindon Town,2,0,4,initial,NA,NA,NA,NA,,
2012-01-28,2011,Liverpool,Manchester United,2,1,4,initial,NA,NA,NA,NA,,
2012-01-28,2011,Millwall,Southampton,1,1,4,initial,NA,NA,NA,NA,,
2012-01-28,2011,Queens Park Rangers,Chelsea,0,1,4,initial,NA,NA,NA,NA,,
2012-01-28,2011,Sheffield United,Birmingham City,0,4,4,initial,NA,NA,NA,NA,,
2012-01-28,2011,Stevenage Borough,Notts County,1,0,4,initial,NA,NA,NA,NA,,
2012-01-28,2011,West Bromwich Albion,Norwich City,1,2,4,initial,NA,NA,NA,NA,,
2012-01-29,2011,Arsenal,Aston Villa,3,2,4,initial,NA,NA,NA,NA,,
2012-01-29,2011,Sunderland,Middlesbrough,1,1,4,initial,NA,NA,NA,NA,,
2012-02-07,2011,Sheffield Wednesday,Blackpool,0,3,4,replay,NA,NA,NA,NA,,
2012-02-07,2011,Southampton,Millwall,2,3,4,replay,NA,NA,NA,NA,,
2012-02-08,2011,Middlesbrough,Sunderland,1,2,4,replay,yes,NA,NA,NA,,
2012-02-18,2011,Chelsea,Birmingham City,1,1,5,initial,NA,NA,NA,NA,,
2012-02-18,2011,Everton,Blackpool,2,0,5,initial,NA,NA,NA,NA,,
2012-02-18,2011,Millwall,Bolton Wanderers,0,2,5,initial,NA,NA,NA,NA,,
2012-02-18,2011,Norwich City,Leicester City,1,2,5,initial,NA,NA,NA,NA,,
2012-02-18,2011,Sunderland,Arsenal,2,0,5,initial,NA,NA,NA,NA,,
2012-02-19,2011,Crawley Town,Stoke City,0,2,5,initial,NA,NA,NA,NA,,
2012-02-19,2011,Liverpool,Brighton & Hove Albion,6,1,5,initial,NA,NA,NA,NA,,
2012-02-19,2011,Stevenage Borough,Tottenham Hotspur,0,0,5,initial,NA,NA,NA,NA,,
2012-03-06,2011,Birmingham City,Chelsea,0,2,5,replay,NA,NA,NA,NA,,
2012-03-07,2011,Tottenham Hotspur,Stevenage Borough,3,1,5,replay,NA,NA,NA,NA,,
2012-03-17,2011,Everton,Sunderland,1,1,6,initial,NA,NA,NA,NA,,
2012-03-18,2011,Chelsea,Leicester City,5,2,6,initial,NA,NA,NA,NA,,
2012-03-18,2011,Liverpool,Stoke City,2,1,6,initial,NA,NA,NA,NA,,
2012-03-27,2011,Tottenham Hotspur,Bolton Wanderers,3,1,6,initial,NA,NA,NA,NA,,
2012-04-14,2011,Liverpool,Everton,2,1,s,initial,NA,NA,yes,"Wembley (new), London",,
2012-04-15,2011,Chelsea,Tottenham Hotspur,5,1,s,initial,NA,NA,yes,"Wembley (new), London",,
2012-05-05,2011,Chelsea,Liverpool,2,1,f,initial,NA,NA,yes,"Wembley (new), London",,
2012-11-02,2012,Cambridge City,Milton Keynes Dons,0,0,1,initial,NA,NA,NA,NA,,
2012-11-03,2012,AFC Bournemouth,Dagenham & Redbridge,4,0,1,initial,NA,NA,NA,NA,,
2012-11-03,2012,AFC Fylde,Accrington Stanley,1,4,1,initial,NA,NA,NA,NA,,
2012-11-03,2012,Aldershot Town,Hendon,2,1,1,initial,NA,NA,NA,NA,,
2012-11-03,2012,Barnet,Oxford United,0,2,1,initial,NA,NA,NA,NA,,
2012-11-03,2012,Bishop's Stortford,Hastings United,1,2,1,initial,NA,NA,NA,NA,,
2012-11-03,2012,Boreham Wood,Brentford,0,2,1,initial,NA,NA,NA,NA,,
2012-11-03,2012,Bristol Rovers,Sheffield United,1,2,1,initial,NA,NA,NA,NA,,
2012-11-03,2012,Bury,Exeter City,1,0,1,initial,NA,NA,NA,NA,,
2012-11-03,2012,Carlisle United,Ebbsfleet United,4,2,1,initial,NA,NA,NA,NA,,
2012-11-03,2012,Chelmsford City,Colchester United,3,1,1,initial,NA,NA,NA,NA,,
2012-11-03,2012,Cheltenham,Yate Town,3,0,1,initial,NA,NA,NA,NA,,
2012-11-03,2012,Chesterfield,Hartlepool United,6,1,1,initial,NA,NA,NA,NA,,
2012-11-03,2012,Coventry City,Arlesey Town,3,0,1,initial,NA,NA,NA,NA,,
2012-11-03,2012,Crewe Alexandra,Wycombe Wanderers,4,1,1,initial,NA,NA,NA,NA,,
2012-11-03,2012,Doncaster Rovers,Bradford Park Avenue,3,1,1,initial,NA,NA,NA,NA,,
2012-11-03,2012,Fleetwood Town,Bromley,3,0,1,initial,NA,NA,NA,NA,,
2012-11-03,2012,Forest Green Rovers,Port Vale,2,3,1,initial,NA,NA,NA,NA,,
2012-11-03,2012,Gillingham,Scunthorpe United,4,0,1,initial,NA,NA,NA,NA,,
2012-11-03,2012,Guiseley AFC,Barrow AFC,2,2,1,initial,NA,NA,NA,NA,,
2012-11-03,2012,Hereford United,Shrewsbury Town,3,1,1,initial,NA,NA,NA,NA,,
2012-11-03,2012,Kidderminster Harriers,Oldham Athletic,0,2,1,initial,NA,NA,NA,NA,,
2012-11-03,2012,Lincoln City,Walsall,1,1,1,initial,NA,NA,NA,NA,,
2012-11-03,2012,Luton Town,Nuneaton Town,1,1,1,initial,NA,NA,NA,NA,,
2012-11-03,2012,Mansfield Town,Slough Town,0,0,1,initial,NA,NA,NA,NA,,
2012-11-03,2012,Metropolitan Police,Crawley Town,1,2,1,initial,NA,NA,NA,NA,,
2012-11-03,2012,Morecambe,Rochdale,1,1,1,initial,NA,NA,NA,NA,,
2012-11-03,2012,Northampton Town,Bradford City,1,1,1,initial,NA,NA,NA,NA,,
2012-11-03,2012,Portsmouth,Notts County,0,2,1,initial,NA,NA,NA,NA,,
2012-11-03,2012,Preston North End,Yeovil,3,0,1,initial,NA,NA,NA,NA,,
2012-11-03,2012,Rotherham United,Stevenage Borough,3,2,1,initial,NA,NA,NA,NA,,
2012-11-03,2012,Southend United,Stockport County,3,0,1,initial,NA,NA,NA,NA,,
2012-11-03,2012,Swindon Town,Macclesfield Town,0,2,1,initial,NA,NA,NA,NA,,
2012-11-03,2012,Torquay United,Harrogate Town,0,1,1,initial,NA,NA,NA,NA,,
2012-11-03,2012,Wrexham,Alfreton Town,2,4,1,initial,NA,NA,NA,NA,,
2012-11-03,2012,York City,AFC Wimbledon,1,1,1,initial,NA,NA,NA,NA,,
2012-11-04,2012,Burton Albion,Altrincham,3,3,1,initial,NA,NA,NA,NA,,
2012-11-04,2012,Dorchester Town,Plymouth Argyle,1,0,1,initial,NA,NA,NA,NA,,
2012-11-12,2012,AFC Wimbledon,York City,4,3,1,replay,yes,NA,NA,NA,,
2012-11-13,2012,Braintree Town,Tranmere Rovers,0,3,1,initial,NA,NA,NA,NA,,
2012-11-13,2012,Barrow AFC,Guiseley AFC,1,0,1,replay,NA,NA,NA,NA,,
2012-11-13,2012,Bradford City,Northampton Town,3,3,1,replay,yes,yes,NA,NA,,
2012-11-13,2012,Milton Keynes Dons,Cambridge City,6,1,1,replay,NA,NA,NA,NA,,
2012-11-13,2012,Nuneaton Town,Luton Town,0,2,1,replay,NA,NA,NA,NA,,
2012-11-13,2012,Rochdale,Morecambe,0,1,1,replay,NA,NA,NA,NA,,
2012-11-13,2012,Slough Town,Mansfield Town,1,1,1,replay,yes,yes,NA,NA,,
2012-11-13,2012,Walsall,Lincoln City,2,3,1,replay,yes,NA,NA,NA,,
2012-11-14,2012,Gloucester City,Leyton Orient,0,2,1,initial,NA,NA,NA,NA,,
2012-11-15,2012,Altrincham,Burton Albion,0,2,1,replay,NA,NA,NA,NA,,
2012-11-30,2012,Bradford City,Brentford,1,1,2,initial,NA,NA,NA,NA,,
2012-12-01,2012,Accrington Stanley,Oxford United,3,3,2,initial,NA,NA,NA,NA,,
2012-12-01,2012,Bury,Southend United,1,1,2,initial,NA,NA,NA,NA,,
2012-12-01,2012,Carlisle United,AFC Bournemouth,1,3,2,initial,NA,NA,NA,NA,,
2012-12-01,2012,Coventry City,Morecambe,2,1,2,initial,NA,NA,NA,NA,,
2012-12-01,2012,Crawley Town,Chelmsford City,3,0,2,initial,NA,NA,NA,NA,,
2012-12-01,2012,Crewe Alexandra,Burton Albion,0,1,2,initial,NA,NA,NA,NA,,
2012-12-01,2012,Fleetwood Town,Aldershot Town,2,3,2,initial,NA,NA,NA,NA,,
2012-12-01,2012,Harrogate Town,Hastings United,1,1,2,initial,NA,NA,NA,NA,,
2012-12-01,2012,Lincoln City,Mansfield Town,3,3,2,initial,NA,NA,NA,NA,,
2012-12-01,2012,Luton Town,Dorchester Town,2,1,2,initial,NA,NA,NA,NA,,
2012-12-01,2012,Oldham Athletic,Doncaster Rovers,3,1,2,initial,NA,NA,NA,NA,,
2012-12-01,2012,Preston North End,Gillingham,2,0,2,initial,NA,NA,NA,NA,,
2012-12-01,2012,Rotherham United,Notts County,1,1,2,initial,NA,NA,NA,NA,,
2012-12-01,2012,Sheffield United,Port Vale,2,1,2,initial,NA,NA,NA,NA,,
2012-12-01,2012,Tranmere Rovers,Chesterfield,2,1,2,initial,NA,NA,NA,NA,,
2012-12-02,2012,Alfreton Town,Leyton Orient,2,4,2,initial,NA,NA,NA,NA,,
2012-12-02,2012,Milton Keynes Dons,AFC Wimbledon,2,1,2,initial,NA,NA,NA,NA,,
2012-12-03,2012,Cheltenham,Hereford United,1,1,2,initial,NA,NA,NA,NA,,
2012-12-11,2012,Hereford United,Cheltenham,1,2,2,replay,yes,NA,NA,NA,,
2012-12-11,2012,Southend United,Bury,1,1,2,replay,yes,yes,NA,NA,,
2012-12-12,2012,Mansfield Town,Lincoln City,2,1,2,replay,NA,NA,NA,NA,,
2012-12-13,2012,Hastings United,Harrogate Town,1,1,2,replay,yes,yes,NA,NA,,
2012-12-18,2012,Barrow AFC,Macclesfield Town,1,1,2,initial,NA,NA,NA,NA,,
2012-12-18,2012,Brentford,Bradford City,4,2,2,replay,yes,NA,NA,NA,,
2012-12-18,2012,Notts County,Rotherham United,0,3,2,replay,NA,NA,NA,NA,,
2012-12-18,2012,Oxford United,Accrington Stanley,2,0,2,replay,NA,NA,NA,NA,,
2012-12-29,2012,Macclesfield Town,Barrow AFC,4,1,2,replay,NA,NA,NA,NA,,
2013-01-05,2012,Aldershot Town,Rotherham United,3,1,3,initial,NA,NA,NA,NA,,
2013-01-05,2012,Aston Villa,Ipswich Town,2,1,3,initial,NA,NA,NA,NA,,
2013-01-05,2012,Barnsley,Burnley,1,0,3,initial,NA,NA,NA,NA,,
2013-01-05,2012,Blackburn Rovers,Bristol City,2,0,3,initial,NA,NA,NA,NA,,
2013-01-05,2012,Bolton Wanderers,Sunderland,2,2,3,initial,NA,NA,NA,NA,,
2013-01-05,2012,Brighton & Hove Albion,Newcastle United,2,0,3,initial,NA,NA,NA,NA,,
2013-01-05,2012,Charlton Athletic,Huddersfield Town,0,1,3,initial,NA,NA,NA,NA,,
2013-01-05,2012,Crawley Town,Reading,1,3,3,initial,NA,NA,NA,NA,,
2013-01-05,2012,Crystal Palace,Stoke City,0,0,3,initial,NA,NA,NA,NA,,
2013-01-05,2012,Derby County,Tranmere Rovers,5,0,3,initial,NA,NA,NA,NA,,
2013-01-05,2012,Fulham,Blackpool,1,1,3,initial,NA,NA,NA,NA,,
2013-01-05,2012,Hull City,Leyton Orient,1,1,3,initial,NA,NA,NA,NA,,
2013-01-05,2012,Leeds United,Birmingham City,1,1,3,initial,NA,NA,NA,NA,,
2013-01-05,2012,Leicester City,Burton Albion,2,0,3,initial,NA,NA,NA,NA,,
2013-01-05,2012,Luton Town,Wolverhampton Wanderers,1,0,3,initial,NA,NA,NA,NA,,
2013-01-05,2012,Macclesfield Town,Cardiff City,2,1,3,initial,NA,NA,NA,NA,,
2013-01-05,2012,Manchester City,Watford,3,0,3,initial,NA,NA,NA,NA,,
2013-01-05,2012,Middlesbrough,Hastings United,4,1,3,initial,NA,NA,NA,NA,,
2013-01-05,2012,Millwall,Preston North End,1,0,3,initial,NA,NA,NA,NA,,
2013-01-05,2012,Nottingham Forest,Oldham Athletic,2,3,3,initial,NA,NA,NA,NA,,
2013-01-05,2012,Oxford United,Sheffield United,0,3,3,initial,NA,NA,NA,NA,,
2013-01-05,2012,Peterborough United,Norwich City,0,3,3,initial,NA,NA,NA,NA,,
2013-01-05,2012,Queens Park Rangers,West Bromwich Albion,1,1,3,initial,NA,NA,NA,NA,,
2013-01-05,2012,Sheffield Wednesday,Milton Keynes Dons,0,0,3,initial,NA,NA,NA,NA,,
2013-01-05,2012,Southampton,Chelsea,1,5,3,initial,NA,NA,NA,NA,,
2013-01-05,2012,Southend United,Brentford,2,2,3,initial,NA,NA,NA,NA,,
2013-01-05,2012,Tottenham Hotspur,Coventry City,3,0,3,initial,NA,NA,NA,NA,,
2013-01-05,2012,West Ham United,Manchester United,2,2,3,initial,NA,NA,NA,NA,,
2013-01-05,2012,Wigan Athletic,AFC Bournemouth,1,1,3,initial,NA,NA,NA,NA,,
2013-01-06,2012,Mansfield Town,Liverpool,1,2,3,initial,NA,NA,NA,NA,,
2013-01-06,2012,Swansea City,Arsenal,2,2,3,initial,NA,NA,NA,NA,,
2013-01-07,2012,Cheltenham,Everton,1,5,3,initial,NA,NA,NA,NA,,
2013-01-15,2012,AFC Bournemouth,Wigan Athletic,0,1,3,replay,NA,NA,NA,NA,,
2013-01-15,2012,Birmingham City,Leeds United,1,2,3,replay,NA,NA,NA,NA,,
2013-01-15,2012,Blackpool,Fulham,1,2,3,replay,yes,NA,NA,NA,,
2013-01-15,2012,Brentford,Southend United,2,1,3,replay,NA,NA,NA,NA,,
2013-01-15,2012,Leyton Orient,Hull City,1,2,3,replay,yes,NA,NA,NA,,
2013-01-15,2012,Milton Keynes Dons,Sheffield Wednesday,2,0,3,replay,NA,NA,NA,NA,,
2013-01-15,2012,Stoke City,Crystal Palace,4,1,3,replay,yes,NA,NA,NA,,
2013-01-15,2012,Sunderland,Bolton Wanderers,0,2,3,replay,NA,NA,NA,NA,,
2013-01-15,2012,West Bromwich Albion,Queens Park Rangers,0,1,3,replay,NA,NA,NA,NA,,
2013-01-16,2012,Arsenal,Swansea City,1,0,3,replay,NA,NA,NA,NA,,
2013-01-16,2012,Manchester United,West Ham United,1,0,3,replay,NA,NA,NA,NA,,
2013-01-25,2012,Millwall,Aston Villa,2,1,4,initial,NA,NA,NA,NA,,
2013-01-26,2012,Bolton Wanderers,Everton,1,2,4,initial,NA,NA,NA,NA,,
2013-01-26,2012,Brighton & Hove Albion,Arsenal,2,3,4,initial,NA,NA,NA,NA,,
2013-01-26,2012,Derby County,Blackburn Rovers,0,3,4,initial,NA,NA,NA,NA,,
2013-01-26,2012,Huddersfield Town,Leicester City,1,1,4,initial,NA,NA,NA,NA,,
2013-01-26,2012,Hull City,Barnsley,0,1,4,initial,NA,NA,NA,NA,,
2013-01-26,2012,Macclesfield Town,Wigan Athletic,0,1,4,initial,NA,NA,NA,NA,,
2013-01-26,2012,Manchester United,Fulham,4,1,4,initial,NA,NA,NA,NA,,
2013-01-26,2012,Middlesbrough,Aldershot Town,2,1,4,initial,NA,NA,NA,NA,,
2013-01-26,2012,Norwich City,Luton Town,0,1,4,initial,NA,NA,NA,NA,,
2013-01-26,2012,Queens Park Rangers,Milton Keynes Dons,2,4,4,initial,NA,NA,NA,NA,,
2013-01-26,2012,Reading,Sheffield United,4,0,4,initial,NA,NA,NA,NA,,
2013-01-26,2012,Stoke City,Manchester City,0,1,4,initial,NA,NA,NA,NA,,
2013-01-27,2012,Brentford,Chelsea,2,2,4,initial,NA,NA,NA,NA,,
2013-01-27,2012,Leeds United,Tottenham Hotspur,2,1,4,initial,NA,NA,NA,NA,,
2013-01-27,2012,Oldham Athletic,Liverpool,3,2,4,initial,NA,NA,NA,NA,,
2013-02-12,2012,Leicester City,Huddersfield Town,1,2,4,replay,NA,NA,NA,NA,,
2013-02-16,2012,Arsenal,Blackburn Rovers,0,1,5,initial,NA,NA,NA,NA,,
2013-02-16,2012,Luton Town,Millwall,0,3,5,initial,NA,NA,NA,NA,,
2013-02-16,2012,Milton Keynes Dons,Barnsley,1,3,5,initial,NA,NA,NA,NA,,
2013-02-16,2012,Oldham Athletic,Everton,2,2,5,initial,NA,NA,NA,NA,,
2013-02-17,2012,Chelsea,Brentford,4,0,4,replay,NA,NA,NA,NA,,
2013-02-17,2012,Huddersfield Town,Wigan Athletic,1,4,5,initial,NA,NA,NA,NA,,
2013-02-17,2012,Manchester City,Leeds United,4,0,5,initial,NA,NA,NA,NA,,
2013-02-18,2012,Manchester United,Reading,2,1,5,initial,NA,NA,NA,NA,,
2013-02-26,2012,Everton,Oldham Athletic,3,1,5,replay,NA,NA,NA,NA,,
2013-02-27,2012,Middlesbrough,Chelsea,0,2,5,initial,NA,NA,NA,NA,,
2013-03-09,2012,Everton,Wigan Athletic,0,3,6,initial,NA,NA,NA,NA,,
2013-03-09,2012,Manchester City,Barnsley,5,0,6,initial,NA,NA,NA,NA,,
2013-03-10,2012,Manchester United,Chelsea,2,2,6,initial,NA,NA,NA,NA,,
2013-03-10,2012,Millwall,Blackburn Rovers,0,0,6,initial,NA,NA,NA,NA,,
2013-03-13,2012,Blackburn Rovers,Millwall,0,1,6,replay,NA,NA,NA,NA,,
2013-04-01,2012,Chelsea,Manchester United,1,0,6,replay,NA,NA,NA,NA,,
2013-04-13,2012,Wigan Athletic,Millwall,2,0,s,initial,NA,NA,yes,"Wembley (new), London",,
2013-04-14,2012,Manchester City,Chelsea,2,1,s,initial,NA,NA,yes,"Wembley (new), London",,
2013-05-11,2012,Wigan Athletic,Manchester City,1,0,f,initial,NA,NA,yes,"Wembley (new), London",,
2013-11-08,2013,AFC Wimbledon,Coventry City,1,3,1,initial,NA,NA,NA,NA,,
2013-11-08,2013,Bristol Rovers,York City,3,3,1,initial,NA,NA,NA,NA,,
2013-11-09,2013,Accrington Stanley,Tranmere Rovers,0,1,1,initial,NA,NA,NA,NA,,
2013-11-09,2013,Boreham Wood,Carlisle United,0,0,1,initial,NA,NA,NA,NA,,
2013-11-09,2013,Braintree Town,Newport County,1,1,1,initial,NA,NA,NA,NA,,
2013-11-09,2013,Brentford,Staines Town,5,0,1,initial,NA,NA,NA,NA,,
2013-11-09,2013,Bristol City,Dagenham & Redbridge,3,0,1,initial,NA,NA,NA,NA,,
2013-11-09,2013,Chesterfield,Daventry Town,2,0,1,initial,NA,NA,NA,NA,,
2013-11-09,2013,Colchester United,Sheffield United,2,3,1,initial,NA,NA,NA,NA,,
2013-11-09,2013,Corby Town,Dover Athletic,1,2,1,initial,NA,NA,NA,NA,,
2013-11-09,2013,Gillingham,Brackley Town,1,1,1,initial,NA,NA,NA,NA,,
2013-11-09,2013,Gloucester City,Fleetwood Town,0,2,1,initial,NA,NA,NA,NA,,
2013-11-09,2013,Grimsby Town,Scunthorpe United,0,0,1,initial,NA,NA,NA,NA,,
2013-11-09,2013,Hartlepool United,Notts County,3,2,1,initial,NA,NA,NA,NA,,
2013-11-09,2013,Hednesford Town,Crawley Town,1,2,1,initial,NA,NA,NA,NA,,
2013-11-09,2013,Kidderminster Harriers,Sutton United,4,1,1,initial,NA,NA,NA,NA,,
2013-11-09,2013,Leyton Orient,Southport,5,2,1,initial,NA,NA,NA,NA,,
2013-11-09,2013,Lincoln City,Plymouth Argyle,0,0,1,initial,NA,NA,NA,NA,,
2013-11-09,2013,Macclesfield Town,Swindon Town,4,0,1,initial,NA,NA,NA,NA,,
2013-11-09,2013,Milton Keynes Dons,Halifax Town,4,1,1,initial,NA,NA,NA,NA,,
2013-11-09,2013,Morecambe,Southend United,0,3,1,initial,NA,NA,NA,NA,,
2013-11-09,2013,Oldham Athletic,Wolverhampton Wanderers,1,1,1,initial,NA,NA,NA,NA,,
2013-11-09,2013,Oxford United,Gateshead,2,2,1,initial,NA,NA,NA,NA,,
2013-11-09,2013,Peterborough United,Exeter City,2,0,1,initial,NA,NA,NA,NA,,
2013-11-09,2013,Preston North End,Barnet,6,0,1,initial,NA,NA,NA,NA,,
2013-11-09,2013,Rotherham United,Bradford City,3,0,1,initial,NA,NA,NA,NA,,
2013-11-09,2013,Salisbury City,Dartford,4,2,1,initial,NA,NA,NA,NA,,
2013-11-09,2013,St Albans City,Mansfield Town,1,8,1,initial,NA,NA,NA,NA,,
2013-11-09,2013,Stevenage Borough,Portsmouth,2,1,1,initial,NA,NA,NA,NA,,
2013-11-09,2013,Stourbridge,Biggleswade Town,4,1,1,initial,NA,NA,NA,NA,,
2013-11-09,2013,Tamworth,Cheltenham,1,0,1,initial,NA,NA,NA,NA,,
2013-11-09,2013,Torquay United,Rochdale,0,2,1,initial,NA,NA,NA,NA,,
2013-11-09,2013,Walsall,Shrewsbury Town,3,0,1,initial,NA,NA,NA,NA,,
2013-11-09,2013,Welling United,Luton Town,2,1,1,initial,NA,NA,NA,NA,,
2013-11-09,2013,Wrexham,Alfreton Town,3,1,1,initial,NA,NA,NA,NA,,
2013-11-09,2013,Wycombe Wanderers,Crewe Alexandra,1,1,1,initial,NA,NA,NA,NA,,
2013-11-10,2013,Bishop's Stortford,Northampton Town,1,2,1,initial,NA,NA,NA,NA,,
2013-11-10,2013,Burton Albion,Hereford United,2,0,1,initial,NA,NA,NA,NA,,
2013-11-11,2013,Shortwood United,Port Vale,0,4,1,initial,NA,NA,NA,NA,,
2013-11-18,2013,Brackley Town,Gillingham,1,0,1,replay,NA,NA,NA,NA,,
2013-11-19,2013,Bury,Cambridge United,0,0,1,initial,NA,NA,NA,NA,,
2013-11-19,2013,Carlisle United,Boreham Wood,2,1,1,replay,NA,NA,NA,NA,,
2013-11-19,2013,Crewe Alexandra,Wycombe Wanderers,0,2,1,replay,NA,NA,NA,NA,,
2013-11-19,2013,Newport County,Braintree Town,1,0,1,replay,NA,NA,NA,NA,,
2013-11-19,2013,Scunthorpe United,Grimsby Town,1,2,1,replay,NA,NA,NA,NA,,
2013-11-19,2013,Wolverhampton Wanderers,Oldham Athletic,1,2,1,replay,NA,NA,NA,NA,,
2013-11-19,2013,York City,Bristol Rovers,2,3,1,replay,NA,NA,NA,NA,,
2013-11-20,2013,Plymouth Argyle,Lincoln City,5,0,1,replay,NA,NA,NA,NA,,
2013-12-03,2013,Cambridge United,Bury,2,1,1,replay,NA,NA,NA,NA,,
2013-12-05,2013,Gateshead,Oxford United,0,1,1,replay,yes,NA,NA,NA,,
2013-12-06,2013,Port Vale,Salisbury City,4,1,2,initial,NA,NA,NA,NA,,
2013-12-07,2013,Bristol Rovers,Crawley Town,0,0,2,initial,NA,NA,NA,NA,,
2013-12-07,2013,Carlisle United,Brentford,3,2,2,initial,NA,NA,NA,NA,,
2013-12-07,2013,Chesterfield,Southend United,1,3,2,initial,NA,NA,NA,NA,,
2013-12-07,2013,Fleetwood Town,Burton Albion,1,1,2,initial,NA,NA,NA,NA,,
2013-12-07,2013,Grimsby Town,Northampton Town,2,0,2,initial,NA,NA,NA,NA,,
2013-12-07,2013,Hartlepool United,Coventry City,1,1,2,initial,NA,NA,NA,NA,,
2013-12-07,2013,Kidderminster Harriers,Newport County,4,2,2,initial,NA,NA,NA,NA,,
2013-12-07,2013,Leyton Orient,Walsall,1,0,2,initial,NA,NA,NA,NA,,
2013-12-07,2013,Macclesfield Town,Brackley Town,3,2,2,initial,NA,NA,NA,NA,,
2013-12-07,2013,Milton Keynes Dons,Dover Athletic,1,0,2,initial,NA,NA,NA,NA,,
2013-12-07,2013,Oldham Athletic,Mansfield Town,1,1,2,initial,NA,NA,NA,NA,,
2013-12-07,2013,Peterborough United,Tranmere Rovers,5,0,2,initial,NA,NA,NA,NA,,
2013-12-07,2013,Plymouth Argyle,Welling United,3,1,2,initial,NA,NA,NA,NA,,
2013-12-07,2013,Rotherham United,Rochdale,1,2,2,initial,NA,NA,NA,NA,,
2013-12-07,2013,Stevenage Borough,Stourbridge,4,0,2,initial,NA,NA,NA,NA,,
2013-12-07,2013,Wycombe Wanderers,Preston North End,0,1,2,initial,NA,NA,NA,NA,,
2013-12-08,2013,Cambridge United,Sheffield United,0,2,2,initial,NA,NA,NA,NA,,
2013-12-08,2013,Tamworth,Bristol City,1,2,2,initial,NA,NA,NA,NA,,
2013-12-09,2013,Wrexham,Oxford United,1,2,2,initial,NA,NA,NA,NA,,
2013-12-17,2013,Burton Albion,Fleetwood Town,1,0,2,replay,NA,NA,NA,NA,,
2013-12-17,2013,Coventry City,Hartlepool United,2,1,2,replay,NA,NA,NA,NA,,
2013-12-17,2013,Mansfield Town,Oldham Athletic,1,4,2,replay,NA,NA,NA,NA,,
2014-01-04,2013,Arsenal,Tottenham Hotspur,2,0,3,initial,NA,NA,NA,NA,,
2014-01-04,2013,Aston Villa,Sheffield United,1,2,3,initial,NA,NA,NA,NA,,
2014-01-04,2013,Barnsley,Coventry City,1,2,3,initial,NA,NA,NA,NA,,
2014-01-04,2013,Blackburn Rovers,Manchester City,1,1,3,initial,NA,NA,NA,NA,,
2014-01-04,2013,Bolton Wanderers,Blackpool,2,1,3,initial,NA,NA,NA,NA,,
2014-01-04,2013,Brighton & Hove Albion,Reading,1,0,3,initial,NA,NA,NA,NA,,
2014-01-04,2013,Bristol City,Watford,1,1,3,initial,NA,NA,NA,NA,,
2014-01-04,2013,Doncaster Rovers,Stevenage Borough,2,3,3,initial,NA,NA,NA,NA,,
2014-01-04,2013,Everton,Queens Park Rangers,4,0,3,initial,NA,NA,NA,NA,,
2014-01-04,2013,Grimsby Town,Huddersfield Town,2,3,3,initial,NA,NA,NA,NA,,
2014-01-04,2013,Ipswich Town,Preston North End,1,1,3,initial,NA,NA,NA,NA,,
2014-01-04,2013,Kidderminster Harriers,Peterborough United,0,0,3,initial,NA,NA,NA,NA,,
2014-01-04,2013,Macclesfield Town,Sheffield Wednesday,1,1,3,initial,NA,NA,NA,NA,,
2014-01-04,2013,Middlesbrough,Hull City,0,2,3,initial,NA,NA,NA,NA,,
2014-01-04,2013,Newcastle United,Cardiff City,1,2,3,initial,NA,NA,NA,NA,,
2014-01-04,2013,Norwich City,Fulham,1,1,3,initial,NA,NA,NA,NA,,
2014-01-04,2013,Rochdale,Leeds United,2,0,3,initial,NA,NA,NA,NA,,
2014-01-04,2013,Southampton,Burnley,4,3,3,initial,NA,NA,NA,NA,,
2014-01-04,2013,Southend United,Millwall,4,1,3,initial,NA,NA,NA,NA,,
2014-01-04,2013,Stoke City,Leicester City,2,1,3,initial,NA,NA,NA,NA,,
2014-01-04,2013,West Bromwich Albion,Crystal Palace,0,2,3,initial,NA,NA,NA,NA,,
2014-01-04,2013,Wigan Athletic,Milton Keynes Dons,3,3,3,initial,NA,NA,NA,NA,,
2014-01-04,2013,Yeovil,Leyton Orient,4,0,3,initial,NA,NA,NA,NA,,
2014-01-05,2013,Derby County,Chelsea,0,2,3,initial,NA,NA,NA,NA,,
2014-01-05,2013,Liverpool,Oldham Athletic,2,0,3,initial,NA,NA,NA,NA,,
2014-01-05,2013,Manchester United,Swansea City,1,2,3,initial,NA,NA,NA,NA,,
2014-01-05,2013,Nottingham Forest,West Ham United,5,0,3,initial,NA,NA,NA,NA,,
2014-01-05,2013,Port Vale,Plymouth Argyle,2,2,3,initial,NA,NA,NA,NA,,
2014-01-05,2013,Sunderland,Carlisle United,3,1,3,initial,NA,NA,NA,NA,,
2014-01-08,2013,Crawley Town,Bristol Rovers,1,2,2,replay,NA,NA,NA,NA,,
2014-01-14,2013,AFC Bournemouth,Burton Albion,4,1,3,initial,NA,NA,NA,NA,,
2014-01-14,2013,Birmingham City,Bristol Rovers,3,0,3,initial,NA,NA,NA,NA,,
2014-01-14,2013,Charlton Athletic,Oxford United,2,2,3,initial,NA,NA,NA,NA,,
2014-01-15,2013,Manchester City,Blackburn Rovers,5,0,3,replay,NA,NA,NA,NA,,
2014-01-21,2013,Oxford United,Charlton Athletic,0,3,3,replay,NA,NA,NA,NA,,
2014-01-24,2013,Arsenal,Coventry City,4,0,4,initial,NA,NA,NA,NA,,
2014-01-24,2013,Nottingham Forest,Preston North End,0,0,4,initial,NA,NA,NA,NA,,
2014-01-25,2013,AFC Bournemouth,Liverpool,0,2,4,initial,NA,NA,NA,NA,,
2014-01-25,2013,Birmingham City,Swansea City,1,2,4,initial,NA,NA,NA,NA,,
2014-01-25,2013,Bolton Wanderers,Cardiff City,0,1,4,initial,NA,NA,NA,NA,,
2014-01-25,2013,Huddersfield Town,Charlton Athletic,0,1,4,initial,NA,NA,NA,NA,,
2014-01-25,2013,Manchester City,Watford,4,2,4,initial,NA,NA,NA,NA,,
2014-01-25,2013,Port Vale,Brighton & Hove Albion,1,3,4,initial,NA,NA,NA,NA,,
2014-01-25,2013,Rochdale,Sheffield Wednesday,1,2,4,initial,NA,NA,NA,NA,,
2014-01-25,2013,Southampton,Yeovil,2,0,4,initial,NA,NA,NA,NA,,
2014-01-25,2013,Southend United,Hull City,0,2,4,initial,NA,NA,NA,NA,,
2014-01-25,2013,Stevenage Borough,Everton,0,4,4,initial,NA,NA,NA,NA,,
2014-01-25,2013,Sunderland,Kidderminster Harriers,1,0,4,initial,NA,NA,NA,NA,,
2014-01-25,2013,Wigan Athletic,Crystal Palace,2,1,4,initial,NA,NA,NA,NA,,
2014-01-26,2013,Chelsea,Stoke City,1,0,4,initial,NA,NA,NA,NA,,
2014-01-26,2013,Sheffield United,Fulham,1,1,4,initial,NA,NA,NA,NA,,
2014-02-04,2013,Fulham,Sheffield United,0,1,4,replay,yes,NA,NA,NA,,
2014-02-05,2013,Preston North End,Nottingham Forest,0,2,4,replay,NA,NA,NA,NA,,
2014-02-15,2013,Cardiff City,Wigan Athletic,1,2,5,initial,NA,NA,NA,NA,,
2014-02-15,2013,Manchester City,Chelsea,2,0,5,initial,NA,NA,NA,NA,,
2014-02-15,2013,Sunderland,Southampton,1,0,5,initial,NA,NA,NA,NA,,
2014-02-16,2013,Arsenal,Liverpool,2,1,5,initial,NA,NA,NA,NA,,
2014-02-16,2013,Everton,Swansea City,3,1,5,initial,NA,NA,NA,NA,,
2014-02-16,2013,Sheffield United,Nottingham Forest,3,1,5,initial,NA,NA,NA,NA,,
2014-02-17,2013,Brighton & Hove Albion,Hull City,1,1,5,initial,NA,NA,NA,NA,,
2014-02-24,2013,Sheffield Wednesday,Charlton Athletic,1,2,5,initial,NA,NA,NA,NA,,
2014-03-08,2013,Arsenal,Everton,4,1,6,initial,NA,NA,NA,NA,,
2014-03-09,2013,Hull City,Sunderland,3,0,6,initial,NA,NA,NA,NA,,
2014-03-09,2013,Manchester City,Wigan Athletic,1,2,6,initial,NA,NA,NA,NA,,
2014-03-09,2013,Sheffield United,Charlton Athletic,2,0,6,initial,NA,NA,NA,NA,,
2014-04-12,2013,Arsenal,Wigan Athletic,1,1,s,initial,yes,yes,yes,"Wembley (new), London",,
2014-04-13,2013,Hull City,Sheffield United,5,3,s,initial,NA,NA,yes,"Wembley (new), London",,
2014-05-17,2013,Arsenal,Hull City,3,2,f,initial,yes,NA,yes,"Wembley (new), London",,
2012-03-27,2011,Sunderland,Everton,0,2,6,replay,NA,NA,NA,NA,,
2015-04-18,2014,Reading,Arsenal,1,2,s,initial,yes,NA,yes,"Wembley (new), London",,
2015-04-19,2014,Aston Villa,Liverpool,2,1,s,initial,NA,NA,yes,"Wembley (new), London",,
2015-03-07,2014,Bradford City,Reading,0,0,6,initial,NA,NA,NA,NA,,
2015-03-07,2014,Aston Villa,West Bromwich Albion,2,0,6,initial,NA,NA,NA,NA,,
2015-03-08,2014,Liverpool,Blackburn Rovers,0,0,6,initial,NA,NA,NA,NA,,
2015-03-09,2014,Manchester United,Arsenal,1,2,6,initial,NA,NA,NA,NA,,
2015-03-16,2014,Reading,Bradford City,3,0,6,replay,NA,NA,NA,NA,,
2015-04-08,2014,Blackburn Rovers,Liverpool,0,1,6,replay,NA,NA,NA,NA,,
2015-02-14,2014,West Bromwich Albion,West Ham United,4,0,5,initial,NA,NA,NA,NA,,
2015-02-14,2014,Blackburn Rovers,Stoke City,4,1,5,initial,NA,NA,NA,NA,,
2015-02-14,2014,Derby County,Reading,1,2,5,initial,NA,NA,NA,NA,,
2015-02-14,2014,Crystal Palace,Liverpool,1,2,5,initial,NA,NA,NA,NA,,
2015-02-15,2014,Aston Villa,Leicester City,2,1,5,initial,NA,NA,NA,NA,,
2015-02-15,2014,Bradford City,Sunderland,2,0,5,initial,NA,NA,NA,NA,,
2015-02-15,2014,Arsenal,Middlesbrough,2,0,5,initial,NA,NA,NA,NA,,
2015-02-16,2014,Preston North End,Manchester United,1,3,5,initial,NA,NA,NA,NA,,
2015-01-23,2014,Cambridge United,Manchester United,0,0,4,initial,NA,NA,NA,NA,,
2015-01-24,2014,Blackburn Rovers,Swansea City,3,1,4,initial,NA,NA,NA,NA,,
2015-01-24,2014,Birmingham City,West Bromwich Albion,1,2,4,initial,NA,NA,NA,NA,,
2015-01-24,2014,Cardiff City,Reading,1,2,4,initial,NA,NA,NA,NA,,
2015-01-24,2014,Chelsea,Bradford City,2,4,4,initial,NA,NA,NA,NA,,
2015-01-24,2014,Derby County,Chesterfield,2,0,4,initial,NA,NA,NA,NA,,
2015-01-24,2014,Manchester City,Middlesbrough,0,2,4,initial,NA,NA,NA,NA,,
2015-01-24,2014,Preston North End,Sheffield United,1,1,4,initial,NA,NA,NA,NA,,
2015-01-24,2014,Sunderland,Fulham,0,0,4,initial,NA,NA,NA,NA,,
2015-01-24,2014,Tottenham Hotspur,Leicester City,1,2,4,initial,NA,NA,NA,NA,,
2015-01-24,2014,Southampton,Crystal Palace,2,3,4,initial,NA,NA,NA,NA,,
2015-01-24,2014,Liverpool,Bolton Wanderers,0,0,4,initial,NA,NA,NA,NA,,
2015-01-25,2014,Bristol City,West Ham United,0,1,4,initial,NA,NA,NA,NA,,
2015-01-25,2014,Aston Villa,AFC Bournemouth,2,1,4,initial,NA,NA,NA,NA,,
2015-01-25,2014,Brighton & Hove Albion,Arsenal,2,3,4,initial,NA,NA,NA,NA,,
2015-01-26,2014,Rochdale,Stoke City,1,4,4,initial,NA,NA,NA,NA,,
2015-02-03,2014,Fulham,Sunderland,1,3,4,replay,NA,NA,NA,NA,,
2015-02-03,2014,Sheffield United,Preston North End,1,3,4,replay,NA,NA,NA,NA,,
2015-02-03,2014,Manchester United,Cambridge United,3,0,4,replay,NA,NA,NA,NA,,
2015-02-04,2014,Bolton Wanderers,Liverpool,1,2,4,replay,NA,NA,NA,NA,,
2015-01-02,2014,Cardiff City,Colchester United,3,1,3,initial,NA,NA,NA,NA,,
2015-01-03,2014,Charlton Athletic,Blackburn Rovers,1,2,3,initial,NA,NA,NA,NA,,
2015-01-03,2014,Rochdale,Nottingham Forest,1,0,3,initial,NA,NA,NA,NA,,
2015-01-03,2014,West Bromwich Albion,Gateshead,7,0,3,initial,NA,NA,NA,NA,,
2015-01-03,2014,Blyth Spartans,Birmingham City,2,3,3,initial,NA,NA,NA,NA,,
2015-01-03,2014,Rotherham United,AFC Bournemouth,1,5,3,initial,NA,NA,NA,NA,,
2015-01-03,2014,Huddersfield Town,Reading,0,1,3,initial,NA,NA,NA,NA,,
2015-01-03,2014,Tranmere Rovers,Swansea City,2,6,3,initial,NA,NA,NA,NA,,
2015-01-03,2014,Bolton Wanderers,Wigan Athletic,1,0,3,initial,NA,NA,NA,NA,,
2015-01-03,2014,Millwall,Bradford City,3,3,3,initial,NA,NA,NA,NA,,
2015-01-03,2014,Derby County,Southport,1,0,3,initial,NA,NA,NA,NA,,
2015-01-03,2014,Brentford,Brighton & Hove Albion,0,2,3,initial,NA,NA,NA,NA,,
2015-01-03,2014,Fulham,Wolverhampton Wanderers,0,0,3,initial,NA,NA,NA,NA,,
2015-01-03,2014,Cambridge United,Luton Town,2,1,3,initial,NA,NA,NA,NA,,
2015-01-03,2014,Barnsley,Middlesbrough,0,2,3,initial,NA,NA,NA,NA,,
2015-01-03,2014,Preston North End,Norwich City,2,0,3,initial,NA,NA,NA,NA,,
2015-01-03,2014,Doncaster Rovers,Bristol City,1,1,3,initial,NA,NA,NA,NA,,
2015-01-03,2014,Leicester City,Newcastle United,1,0,3,initial,NA,NA,NA,NA,,
2015-01-04,2014,Dover Athletic,Crystal Palace,0,4,3,initial,NA,NA,NA,NA,,
2015-01-04,2014,Sunderland,Leeds United,1,0,3,initial,NA,NA,NA,NA,,
2015-01-04,2014,Queens Park Rangers,Sheffield United,0,3,3,initial,NA,NA,NA,NA,,
2015-01-04,2014,Southampton,Ipswich Town,1,1,3,initial,NA,NA,NA,NA,,
2015-01-04,2014,Stoke City,Wrexham,3,1,3,initial,NA,NA,NA,NA,,
2015-01-04,2014,Manchester City,Sheffield Wednesday,2,1,3,initial,NA,NA,NA,NA,,
2015-01-04,2014,Aston Villa,Blackpool,1,0,3,initial,NA,NA,NA,NA,,
2015-01-04,2014,Yeovil,Manchester United,0,2,3,initial,NA,NA,NA,NA,,
2015-01-04,2014,Chelsea,Watford,3,0,3,initial,NA,NA,NA,NA,,
2015-01-04,2014,Arsenal,Hull City,2,0,3,initial,NA,NA,NA,NA,,
2015-01-05,2014,Burnley,Tottenham Hotspur,1,1,3,initial,NA,NA,NA,NA,,
2015-01-05,2014,AFC Wimbledon,Liverpool,1,2,3,initial,NA,NA,NA,NA,,
2015-01-06,2014,Everton,West Ham United,1,1,3,initial,NA,NA,NA,NA,,
2015-01-06,2014,Scunthorpe United,Chesterfield,2,2,3,initial,NA,NA,NA,NA,,
2015-01-13,2014,Wolverhampton Wanderers,Fulham,3,3,3,replay,yes,yes,NA,NA,,
2015-01-13,2014,Bristol City,Doncaster Rovers,2,0,3,replay,NA,NA,NA,NA,,
2015-01-13,2014,Chesterfield,Scunthorpe United,2,0,3,replay,yes,NA,NA,NA,,
2015-01-13,2014,West Ham United,Everton,2,2,3,replay,yes,yes,NA,NA,,
2015-01-14,2014,Bradford City,Millwall,4,0,3,replay,NA,NA,NA,NA,,
2015-01-14,2014,Ipswich Town,Southampton,0,1,3,replay,NA,NA,NA,NA,,
2015-01-14,2014,Tottenham Hotspur,Burnley,4,2,3,replay,NA,NA,NA,NA,,
2014-12-05,2014,Hartlepool United,Blyth Spartans,1,2,2,initial,NA,NA,NA,NA,,
2014-12-06,2014,Oxford United,Tranmere Rovers,2,2,2,initial,NA,NA,NA,NA,,
2014-12-06,2014,Bury,Luton Town,1,1,2,initial,NA,NA,NA,NA,,
2014-12-06,2014,Accrington,Yeovil,1,1,2,initial,NA,NA,NA,NA,,
2014-12-06,2014,Oldham Athletic,Doncaster Rovers,0,1,2,initial,NA,NA,NA,NA,,
2014-12-06,2014,Preston North End,Shrewsbury Town,1,0,2,initial,NA,NA,NA,NA,,
2014-12-06,2014,Sheffield United,Plymouth Argyle,3,0,2,initial,NA,NA,NA,NA,,
2014-12-06,2014,Cambridge United,Mansfield Town,2,2,2,initial,NA,NA,NA,NA,,
2014-12-06,2014,Wrexham,Maidstone United,3,1,2,initial,NA,NA,NA,NA,,
2014-12-07,2014,Gateshead,Warrington Town,2,0,2,initial,NA,NA,NA,NA,,
2014-12-07,2014,Scunthorpe United,Worcester City,1,1,2,initial,NA,NA,NA,NA,,
2014-12-07,2014,Southport,Eastleigh,2,1,2,initial,NA,NA,NA,NA,,
2014-12-07,2014,Barnsley,Chester,0,0,2,initial,NA,NA,NA,NA,,
2014-12-07,2014,Bradford City,Dartford,4,1,2,initial,NA,NA,NA,NA,,
2014-12-07,2014,Cheltenham,Dover Athletic,0,1,2,initial,NA,NA,NA,NA,,
2014-12-07,2014,Bristol City,AFC Telford United,1,0,2,initial,NA,NA,NA,NA,,
2014-12-07,2014,Wycombe Wanderers,AFC Wimbledon,0,1,2,initial,NA,NA,NA,NA,,
2014-12-07,2014,Aldershot Town,Rochdale,0,0,2,initial,NA,NA,NA,NA,,
2014-12-07,2014,Colchester United,Peterborough United,1,0,2,initial,NA,NA,NA,NA,,
2015-01-02,2014,Milton Keynes Dons,Chesterfield,0,1,2,initial,NA,NA,NA,NA,,
2014-12-16,2014,Tranmere Rovers,Oxford United,2,1,2,replay,NA,NA,NA,NA,,
2014-12-16,2014,Luton Town,Bury,1,0,2,replay,NA,NA,NA,NA,,
2014-12-16,2014,Yeovil,Accrington,2,0,2,replay,NA,NA,NA,NA,,
2014-12-16,2014,Chester,Barnsley,0,3,2,replay,NA,NA,NA,NA,,
2014-12-16,2014,Mansfield Town,Cambridge United,0,1,2,replay,NA,NA,NA,NA,,
2014-12-16,2014,Rochdale,Aldershot Town,4,1,2,replay,NA,NA,NA,NA,,
2014-12-17,2014,Worcester City,Scunthorpe United,1,1,2,replay,yes,yes,NA,NA,,
2014-11-07,2014,Warrington Town,Exeter City,1,0,1,initial,NA,NA,NA,NA,,
2014-11-08,2014,Yeovil,Crawley Town,1,0,1,initial,NA,NA,NA,NA,,
2014-11-08,2014,York City,AFC Wimbledon,1,1,1,initial,NA,NA,NA,NA,,
2014-11-08,2014,Walsall,Shrewsbury Town,2,2,1,initial,NA,NA,NA,NA,,
2014-11-08,2014,Eastleigh,Lincoln City,2,1,1,initial,NA,NA,NA,NA,,
2014-11-08,2014,Basingstoke Town,AFC Telford United,1,1,1,initial,NA,NA,NA,NA,,
2014-11-08,2014,Dagenham and Redbridge,Southport,0,0,1,initial,NA,NA,NA,NA,,
2014-11-08,2014,Peterborough United,Carlisle United,2,1,1,initial,NA,NA,NA,NA,,
2014-11-08,2014,Cheltenham,Swindon Town,5,0,1,initial,NA,NA,NA,NA,,
2014-11-08,2014,Bromley,Dartford,3,4,1,initial,NA,NA,NA,NA,,
2014-11-08,2014,Barnet,Wycombe Wanderers,1,3,1,initial,NA,NA,NA,NA,,
2014-11-08,2014,Gillingham,Bristol City,1,2,1,initial,NA,NA,NA,NA,,
2014-11-08,2014,Crewe Alexandra,Sheffield United,0,0,1,initial,NA,NA,NA,NA,,
2014-11-08,2014,Grimsby Town,Oxford United,1,3,1,initial,NA,NA,NA,NA,,
2014-11-08,2014,Tranmere Rovers,Bristol Rovers,1,0,1,initial,NA,NA,NA,NA,,
2014-11-08,2014,Southend United,Chester,1,2,1,initial,NA,NA,NA,NA,,
2014-11-08,2014,Luton Town,Newport County,4,2,1,initial,NA,NA,NA,NA,,
2014-11-08,2014,Bury,Hemel Hempstead Town,3,1,1,initial,NA,NA,NA,NA,,
2014-11-08,2014,Cambridge United,Fleetwood Town,1,0,1,initial,NA,NA,NA,NA,,
2014-11-08,2014,Northampton Town,Rochdale,0,0,1,initial,NA,NA,NA,NA,,
2014-11-08,2014,Dover Athletic,Morecambe,1,0,1,initial,NA,NA,NA,NA,,
2014-11-08,2014,Port Vale,Milton Keynes Dons,3,4,1,initial,NA,NA,NA,NA,,
2014-11-08,2014,Plymouth Argyle,AFC Fylde,2,0,1,initial,NA,NA,NA,NA,,
2014-11-08,2014,Barnsley,Burton Albion,5,0,1,initial,NA,NA,NA,NA,,
2014-11-08,2014,Hartlepool United,East Thurrock United,2,0,1,initial,NA,NA,NA,NA,,
2014-11-08,2014,Oldham Athletic,Leyton Orient,1,0,1,initial,NA,NA,NA,NA,,
2014-11-09,2014,Halifax Town,Bradford City,1,2,1,initial,NA,NA,NA,NA,,
2014-11-09,2014,Braintree Town,Chesterfield,0,6,1,initial,NA,NA,NA,NA,,
2014-11-09,2014,Portsmouth,Aldershot Town,2,2,1,initial,NA,NA,NA,NA,,
2014-11-09,2014,Stevenage Borough,Maidstone United,0,0,1,initial,NA,NA,NA,NA,,
2014-11-09,2014,Wrexham,Woking,3,0,1,initial,NA,NA,NA,NA,,
2014-11-09,2014,Coventry City,Worcester City,1,2,1,initial,NA,NA,NA,NA,,
2014-11-09,2014,Blyth Spartans,Altrincham,4,1,1,initial,NA,NA,NA,NA,,
2014-11-09,2014,Forest Green Rovers,Scunthorpe United,0,2,1,initial,NA,NA,NA,NA,,
2014-11-09,2014,Gosport Borough,Colchester United,3,6,1,initial,NA,NA,NA,NA,,
2014-11-09,2014,Norton United,Gateshead,0,4,1,initial,NA,NA,NA,NA,,
2014-11-09,2014,Notts County,Accrington,0,0,1,initial,NA,NA,NA,NA,,
2014-11-10,2014,Havant & Waterlooville,Preston North End,0,3,1,initial,NA,NA,NA,NA,,
2014-11-18,2014,Mansfield Town,Concord Rangers,1,1,1,initial,NA,NA,NA,NA,,
2014-11-18,2014,Weston-super-Mare,Doncaster Rovers,1,4,1,initial,NA,NA,NA,NA,,
2014-11-18,2014,AFC Wimbledon,York City,3,1,1,replay,NA,NA,NA,NA,,
2014-11-18,2014,Shrewsbury Town,Walsall,1,0,1,replay,NA,NA,NA,NA,,
2014-11-18,2014,Accrington,Notts County,2,1,1,replay,NA,NA,NA,NA,,
2014-11-18,2014,AFC Telford United,Basingstoke Town,2,1,1,replay,NA,NA,NA,NA,,
2014-11-18,2014,Southport,Dagenham and Redbridge,2,0,1,replay,NA,NA,NA,NA,,
2014-11-18,2014,Sheffield United,Crewe Alexandra,2,0,1,replay,NA,NA,NA,NA,,
2014-11-18,2014,Rochdale,Northampton Town,2,1,1,replay,NA,NA,NA,NA,,
2014-11-19,2014,Aldershot Town,Portsmouth,1,0,1,replay,NA,NA,NA,NA,,
2014-11-20,2014,Maidstone United,Stevenage Borough,2,1,1,replay,NA,NA,NA,NA,,
2014-11-25,2014,Concord Rangers,Mansfield Town,0,1,1,replay,NA,NA,NA,NA,,
2015-05-30,2014,Arsenal,Aston Villa,4,0,f,initial,NA,NA,yes,"Wembley (new), London",,
2016-04-23,2015,Everton,Manchester United,1,2,s,initial,NA,NA,yes,"Wembley (new), London",,
2016-04-24,2015,Crystal Palace,Watford,2,1,s,initial,NA,NA,yes,"Wembley (new), London",,
2016-03-11,2015,Reading,Crystal Palace,0,2,6,initial,NA,NA,NA,NA,,
2016-03-12,2015,Everton,Chelsea,2,0,6,initial,NA,NA,NA,NA,,
2016-03-13,2015,Arsenal,Watford,1,2,6,initial,NA,NA,NA,NA,,
2016-03-13,2015,Manchester United,West Ham United,1,1,6,initial,NA,NA,NA,NA,,
2016-04-13,2015,West Ham United,Manchester United,1,2,6,replay,NA,NA,NA,NA,,
2016-02-20,2015,Arsenal,Hull City,0,0,5,initial,NA,NA,NA,NA,,
2016-02-20,2015,Reading,West Bromwich Albion,3,1,5,initial,NA,NA,NA,NA,,
2016-02-20,2015,Watford,Leeds United,1,0,5,initial,NA,NA,NA,NA,,
2016-02-20,2015,AFC Bournemouth,Everton,0,2,5,initial,NA,NA,NA,NA,,
2016-02-21,2015,Blackburn Rovers,West Ham United,1,5,5,initial,NA,NA,NA,NA,,
2016-02-21,2015,Tottenham Hotspur,Crystal Palace,0,1,5,initial,NA,NA,NA,NA,,
2016-02-21,2015,Chelsea,Manchester City,5,1,5,initial,NA,NA,NA,NA,,
2016-02-22,2015,Shrewsbury Town,Manchester United,0,3,5,initial,NA,NA,NA,NA,,
2016-03-08,2015,Hull City,Arsenal,0,4,5,replay,NA,NA,NA,NA,,
2016-01-29,2015,Derby County,Manchester United,1,3,4,initial,NA,NA,NA,NA,,
2016-01-30,2015,Colchester United,Tottenham Hotspur,1,4,4,initial,NA,NA,NA,NA,,
2016-01-30,2015,West Bromwich Albion,Peterborough United,2,2,4,initial,NA,NA,NA,NA,,
2016-01-30,2015,Bolton Wanderers,Leeds United,1,2,4,initial,NA,NA,NA,NA,,
2016-01-30,2015,Arsenal,Burnley,2,1,4,initial,NA,NA,NA,NA,,
2016-01-30,2015,Reading,Walsall,4,0,4,initial,NA,NA,NA,NA,,
2016-01-30,2015,Shrewsbury Town,Sheffield Wednesday,3,2,4,initial,NA,NA,NA,NA,,
2016-01-30,2015,Nottingham Forest,Watford,0,1,4,initial,NA,NA,NA,NA,,
2016-01-30,2015,Crystal Palace,Stoke City,1,0,4,initial,NA,NA,NA,NA,,
2016-01-30,2015,Oxford United,Blackburn Rovers,0,3,4,initial,NA,NA,NA,NA,,
2016-01-30,2015,Portsmouth,AFC Bournemouth,1,2,4,initial,NA,NA,NA,NA,,
2016-01-30,2015,Bury,Hull City,1,3,4,initial,NA,NA,NA,NA,,
2016-01-30,2015,Aston Villa,Manchester City,0,4,4,initial,NA,NA,NA,NA,,
2016-01-30,2015,Liverpool,West Ham United,0,0,4,initial,NA,NA,NA,NA,,
2016-01-31,2015,Carlisle United,Everton,0,3,4,initial,NA,NA,NA,NA,,
2016-01-31,2015,Milton Keynes Dons,Chelsea,1,5,4,initial,NA,NA,NA,NA,,
2016-02-09,2015,West Ham United,Liverpool,2,1,4,replay,yes,NA,NA,NA,,
2016-02-10,2015,Peterborough United,West Bromwich Albion,1,1,4,replay,yes,yes,NA,NA,,
2016-01-08,2015,Exeter City,Liverpool,2,2,3,initial,NA,NA,NA,NA,,
2016-01-09,2015,Wycombe Wanderers,Aston Villa,1,1,3,initial,NA,NA,NA,NA,,
2016-01-09,2015,Watford,Newcastle United,1,0,3,initial,NA,NA,NA,NA,,
2016-01-09,2015,West Bromwich Albion,Bristol City,2,2,3,initial,NA,NA,NA,NA,,
2016-01-09,2015,West Ham United,Wolverhampton Wanderers,1,0,3,initial,NA,NA,NA,NA,,
2016-01-09,2015,Hartlepool United,Derby County,1,2,3,initial,NA,NA,NA,NA,,
2016-01-09,2015,Colchester United,Charlton Athletic,2,1,3,initial,NA,NA,NA,NA,,
2016-01-09,2015,Peterborough United,Preston North End,2,0,3,initial,NA,NA,NA,NA,,
2016-01-09,2015,Northampton Town,Milton Keynes Dons,2,2,3,initial,NA,NA,NA,NA,,
2016-01-09,2015,Arsenal,Sunderland,3,1,3,initial,NA,NA,NA,NA,,
2016-01-09,2015,Ipswich Town,Portsmouth,2,2,3,initial,NA,NA,NA,NA,,
2016-01-09,2015,Birmingham City,AFC Bournemouth,1,2,3,initial,NA,NA,NA,NA,,
2016-01-09,2015,Sheffield Wednesday,Fulham,2,1,3,initial,NA,NA,NA,NA,,
2016-01-09,2015,Brentford,Walsall,0,1,3,initial,NA,NA,NA,NA,,
2016-01-09,2015,Bury,Bradford City,0,0,3,initial,NA,NA,NA,NA,,
2016-01-09,2015,Everton,Dagenham and Redbridge,2,0,3,initial,NA,NA,NA,NA,,
2016-01-09,2015,Southampton,Crystal Palace,1,2,3,initial,NA,NA,NA,NA,,
2016-01-09,2015,Eastleigh,Bolton Wanderers,1,1,3,initial,NA,NA,NA,NA,,
2016-01-09,2015,Nottingham Forest,Queens Park Rangers,1,0,3,initial,NA,NA,NA,NA,,
2016-01-09,2015,Doncaster Rovers,Stoke City,1,2,3,initial,NA,NA,NA,NA,,
2016-01-09,2015,Leeds United,Rotherham United,2,0,3,initial,NA,NA,NA,NA,,
2016-01-09,2015,Huddersfield Town,Reading,2,2,3,initial,NA,NA,NA,NA,,
2016-01-09,2015,Middlesbrough,Burnley,1,2,3,initial,NA,NA,NA,NA,,
2016-01-09,2015,Norwich City,Manchester City,0,3,3,initial,NA,NA,NA,NA,,
2016-01-09,2015,Hull City,Brighton & Hove Albion,1,0,3,initial,NA,NA,NA,NA,,
2016-01-09,2015,Manchester United,Sheffield United,1,0,3,initial,NA,NA,NA,NA,,
2016-01-10,2015,Oxford United,Swansea City,3,2,3,initial,NA,NA,NA,NA,,
2016-01-10,2015,Carlisle United,Yeovil,2,2,3,initial,NA,NA,NA,NA,,
2016-01-10,2015,Chelsea,Scunthorpe United,2,0,3,initial,NA,NA,NA,NA,,
2016-01-10,2015,Tottenham Hotspur,Leicester City,2,2,3,initial,NA,NA,NA,NA,,
2016-01-10,2015,Cardiff City,Shrewsbury Town,0,1,3,initial,NA,NA,NA,NA,,
2016-01-18,2015,Newport County,Blackburn Rovers,1,2,3,initial,NA,NA,NA,NA,,
2016-01-19,2015,Aston Villa,Wycombe Wanderers,2,0,3,replay,NA,NA,NA,NA,,
2016-01-19,2015,Bristol City,West Bromwich Albion,0,1,3,replay,NA,NA,NA,NA,,
2016-01-19,2015,Milton Keynes Dons,Northampton Town,3,0,3,replay,NA,NA,NA,NA,,
2016-01-19,2015,Portsmouth,Ipswich Town,2,1,3,replay,NA,NA,NA,NA,,
2016-01-19,2015,Bradford City,Bury,0,0,3,replay,yes,yes,NA,NA,,
2016-01-19,2015,Yeovil,Carlisle United,1,1,3,replay,yes,yes,NA,NA,,
2016-01-19,2015,Bolton Wanderers,Eastleigh,3,2,3,replay,NA,NA,NA,NA,,
2016-01-19,2015,Reading,Huddersfield Town,5,2,3,replay,NA,NA,NA,NA,,
2016-01-20,2015,Leicester City,Tottenham Hotspur,0,2,3,replay,NA,NA,NA,NA,,
2016-01-20,2015,Liverpool,Exeter City,3,0,3,replay,NA,NA,NA,NA,,
2015-12-04,2015,Salford City,Hartlepool United,1,1,2,initial,NA,NA,NA,NA,,
2015-12-05,2015,Barnet,Newport County,0,1,2,initial,NA,NA,NA,NA,,
2015-12-05,2015,Portsmouth,Accrington,1,0,2,initial,NA,NA,NA,NA,,
2015-12-05,2015,Stourbridge,Eastleigh,0,2,2,initial,NA,NA,NA,NA,,
2015-12-05,2015,Northampton Town,Northwich Victoria,3,2,2,initial,NA,NA,NA,NA,,
2015-12-05,2015,Yeovil,Stevenage Borough,1,0,2,initial,NA,NA,NA,NA,,
2015-12-05,2015,Millwall,Wycombe Wanderers,1,2,2,initial,NA,NA,NA,NA,,
2015-12-05,2015,Chesterfield,Walsall,1,1,2,initial,NA,NA,NA,NA,,
2015-12-05,2015,Sheffield United,Oldham Athletic,1,0,2,initial,NA,NA,NA,NA,,
2015-12-05,2015,Leyton Orient,Scunthorpe United,0,0,2,initial,NA,NA,NA,NA,,
2015-12-06,2015,Rochdale,Bury,0,1,2,initial,NA,NA,NA,NA,,
2015-12-06,2015,Bradford City,Chesham United,4,0,2,initial,NA,NA,NA,NA,,
2015-12-06,2015,Peterborough United,Luton Town,2,0,2,initial,NA,NA,NA,NA,,
2015-12-06,2015,Exeter City,Port Vale,2,0,2,initial,NA,NA,NA,NA,,
2015-12-06,2015,Cambridge United,Doncaster Rovers,1,3,2,initial,NA,NA,NA,NA,,
2015-12-06,2015,Welling United,Carlisle United,0,5,2,initial,NA,NA,NA,NA,,
2015-12-06,2015,Colchester United,Altrincham,3,2,2,initial,NA,NA,NA,NA,,
2015-12-06,2015,Dagenham and Redbridge,Whitehawk,1,1,2,initial,NA,NA,NA,NA,,
2015-12-06,2015,Oxford United,Forest Green Rovers,1,0,2,initial,NA,NA,NA,NA,,
2015-12-07,2015,Grimsby Town,Shrewsbury Town,0,0,2,initial,NA,NA,NA,NA,,
2015-12-15,2015,Scunthorpe United,Leyton Orient,3,0,2,replay,NA,NA,NA,NA,,
2015-12-15,2015,Walsall,Chesterfield,0,0,2,replay,yes,yes,NA,NA,,
2015-12-15,2015,Hartlepool United,Salford City,2,0,2,replay,yes,NA,NA,NA,,
2015-12-15,2015,Shrewsbury Town,Grimsby Town,1,0,2,replay,NA,NA,NA,NA,,
2015-12-16,2015,Whitehawk,Dagenham and Redbridge,2,3,2,replay,yes,NA,NA,NA,,
2015-11-06,2015,Salford City,Notts County,2,0,1,initial,NA,NA,NA,NA,,
2015-11-07,2015,Burton Albion,Peterborough United,0,3,1,initial,NA,NA,NA,NA,,
2015-11-07,2015,Barnet,Blackpool,2,0,1,initial,NA,NA,NA,NA,,
2015-11-07,2015,Mansfield Town,Oldham Athletic,0,0,1,initial,NA,NA,NA,NA,,
2015-11-07,2015,Cambridge United,Basingstoke Town,1,0,1,initial,NA,NA,NA,NA,,
2015-11-07,2015,Altrincham,Barnsley,1,0,1,initial,NA,NA,NA,NA,,
2015-11-07,2015,Crewe Alexandra,Eastleigh,0,1,1,initial,NA,NA,NA,NA,,
2015-11-07,2015,Northwich Victoria,Boreham Wood,1,1,1,initial,NA,NA,NA,NA,,
2015-11-07,2015,Coventry City,Northampton Town,1,2,1,initial,NA,NA,NA,NA,,
2015-11-07,2015,Grimsby Town,St. Albans City,5,1,1,initial,NA,NA,NA,NA,,
2015-11-07,2015,Hartlepool United,Cheltenham,1,0,1,initial,NA,NA,NA,NA,,
2015-11-07,2015,Dover Athletic,Stourbridge,1,2,1,initial,NA,NA,NA,NA,,
2015-11-07,2015,Stevenage Borough,Gillingham,3,0,1,initial,NA,NA,NA,NA,,
2015-11-07,2015,Millwall,AFC Fylde,3,1,1,initial,NA,NA,NA,NA,,
2015-11-07,2015,Walsall,Fleetwood Town,2,0,1,initial,NA,NA,NA,NA,,
2015-11-07,2015,Bury,Wigan Athletic,4,0,1,initial,NA,NA,NA,NA,,
2015-11-07,2015,Portsmouth,Macclesfield Town,2,1,1,initial,NA,NA,NA,NA,,
2015-11-07,2015,Sheffield United,Worcester City,3,0,1,initial,NA,NA,NA,NA,,
2015-11-07,2015,Barwell,Welling United,0,2,1,initial,NA,NA,NA,NA,,
2015-11-07,2015,Crawley Town,Luton Town,1,2,1,initial,NA,NA,NA,NA,,
2015-11-07,2015,Doncaster Rovers,Stalybridge Celtic,2,0,1,initial,NA,NA,NA,NA,,
2015-11-07,2015,Dagenham and Redbridge,Morecambe,0,0,1,initial,NA,NA,NA,NA,,
2015-11-07,2015,Leyton Orient,Staines Town,6,1,1,initial,NA,NA,NA,NA,,
2015-11-07,2015,Accrington,York City,3,2,1,initial,NA,NA,NA,NA,,
2015-11-07,2015,Scunthorpe United,Southend United,2,1,1,initial,NA,NA,NA,NA,,
2015-11-07,2015,AFC Wimbledon,Forest Green Rovers,1,2,1,initial,NA,NA,NA,NA,,
2015-11-07,2015,Plymouth Argyle,Carlisle United,0,2,1,initial,NA,NA,NA,NA,,
2015-11-07,2015,Rochdale,Swindon Town,3,1,1,initial,NA,NA,NA,NA,,
2015-11-07,2015,Wealdstone,Colchester United,2,6,1,initial,NA,NA,NA,NA,,
2015-11-08,2015,Didcot Town,Exeter City,0,3,1,initial,NA,NA,NA,NA,,
2015-11-08,2015,Bristol Rovers,Chesham United,0,1,1,initial,NA,NA,NA,NA,,
2015-11-08,2015,Brackley Town,Newport County,2,2,1,initial,NA,NA,NA,NA,,
2015-11-08,2015,Aldershot Town,Bradford City,0,0,1,initial,NA,NA,NA,NA,,
2015-11-08,2015,Halifax Town,Wycombe Wanderers,0,4,1,initial,NA,NA,NA,NA,,
2015-11-08,2015,Gainsborough Trinity,Shrewsbury Town,0,1,1,initial,NA,NA,NA,NA,,
2015-11-08,2015,Maidstone United,Yeovil,0,1,1,initial,NA,NA,NA,NA,,
2015-11-08,2015,Braintree Town,Oxford United,1,1,1,initial,NA,NA,NA,NA,,
2015-11-08,2015,Whitehawk,Lincoln City,5,3,1,initial,NA,NA,NA,NA,,
2015-11-08,2015,Port Vale,Maidenhead United,1,1,1,initial,NA,NA,NA,NA,,
2015-11-09,2015,United of Manchester,Chesterfield,1,4,1,initial,NA,NA,NA,NA,,
2015-11-16,2015,Boreham Wood,Northwich Victoria,1,2,1,replay,NA,NA,NA,NA,,
2015-11-17,2015,Oldham Athletic,Mansfield Town,2,0,1,replay,NA,NA,NA,NA,,
2015-11-17,2015,Newport County,Brackley Town,4,1,1,replay,NA,NA,NA,NA,,
2015-11-17,2015,Morecambe,Dagenham and Redbridge,2,4,1,replay,NA,NA,NA,NA,,
2015-11-17,2015,Oxford United,Braintree Town,3,1,1,replay,NA,NA,NA,NA,,
2015-11-18,2015,Bradford City,Aldershot Town,2,0,1,replay,NA,NA,NA,NA,,
2015-11-19,2015,Maidenhead United,Port Vale,1,3,1,replay,NA,NA,NA,NA,,
2016-05-21,2015,Manchester United,Crystal Palace,2,1,f,initial,yes,NA,yes,"Wembley (new), London",,
2017-04-22,2016,Chelsea,Tottenham Hotspur,4,2,s,initial,NA,NA,yes,"Wembley (new), London",,
2017-04-23,2016,Arsenal,Manchester City,2,1,s,initial,yes,NA,yes,"Wembley (new), London",,
2017-03-11,2016,Middlesbrough,Manchester City,0,2,6,initial,NA,NA,NA,NA,,
2017-03-11,2016,Arsenal,Lincoln City,5,0,6,initial,NA,NA,NA,NA,,
2017-03-12,2016,Tottenham Hotspur,Millwall,6,0,6,initial,NA,NA,NA,NA,,
2017-03-13,2016,Chelsea,Manchester United,1,0,6,initial,NA,NA,NA,NA,,
2017-02-18,2016,Burnley,Lincoln City,0,1,5,initial,NA,NA,NA,NA,,
2017-02-18,2016,Middlesbrough,Oxford United,3,2,5,initial,NA,NA,NA,NA,,
2017-02-18,2016,Huddersfield Town,Manchester City,0,0,5,initial,NA,NA,NA,NA,,
2017-02-18,2016,Millwall,Leicester City,1,0,5,initial,NA,NA,NA,NA,,
2017-02-18,2016,Wolverhampton Wanderers,Chelsea,0,2,5,initial,NA,NA,NA,NA,,
2017-02-19,2016,Fulham,Tottenham Hotspur,0,3,5,initial,NA,NA,NA,NA,,
2017-02-19,2016,Blackburn Rovers,Manchester United,1,2,5,initial,NA,NA,NA,NA,,
2017-02-20,2016,Sutton United,Arsenal,0,2,5,initial,NA,NA,NA,NA,,
2017-03-01,2016,Manchester City,Huddersfield Town,5,1,5,replay,NA,NA,NA,NA,,
2017-01-27,2016,Derby County,Leicester City,2,2,4,initial,NA,NA,NA,NA,,
2017-01-28,2016,Liverpool,Wolverhampton Wanderers,1,2,4,initial,NA,NA,NA,NA,,
2017-01-28,2016,Tottenham Hotspur,Wycombe Wanderers,4,3,4,initial,NA,NA,NA,NA,,
2017-01-28,2016,Oxford United,Newcastle United,3,0,4,initial,NA,NA,NA,NA,,
2017-01-28,2016,Lincoln City,Brighton & Hove Albion,3,1,4,initial,NA,NA,NA,NA,,
2017-01-28,2016,Chelsea,Brentford,4,0,4,initial,NA,NA,NA,NA,,
2017-01-28,2016,Rochdale,Huddersfield Town,0,4,4,initial,NA,NA,NA,NA,,
2017-01-28,2016,Burnley,Bristol City,2,0,4,initial,NA,NA,NA,NA,,
2017-01-28,2016,Blackburn Rovers,Blackpool,2,0,4,initial,NA,NA,NA,NA,,
2017-01-28,2016,Crystal Palace,Manchester City,0,3,4,initial,NA,NA,NA,NA,,
2017-01-28,2016,Middlesbrough,Accrington,1,0,4,initial,NA,NA,NA,NA,,
2017-01-28,2016,Southampton,Arsenal,0,5,4,initial,NA,NA,NA,NA,,
2017-01-29,2016,Millwall,Watford,1,0,4,initial,NA,NA,NA,NA,,
2017-01-29,2016,Fulham,Hull City,4,1,4,initial,NA,NA,NA,NA,,
2017-01-29,2016,Sutton United,Leeds United,1,0,4,initial,NA,NA,NA,NA,,
2017-01-29,2016,Manchester United,Wigan Athletic,4,0,4,initial,NA,NA,NA,NA,,
2017-02-08,2016,Leicester City,Derby County,3,1,4,replay,yes,NA,NA,NA,,
2017-01-06,2016,West Ham United,Manchester City,0,5,3,initial,NA,NA,NA,NA,,
2017-01-07,2016,Manchester United,Reading,4,0,3,initial,NA,NA,NA,NA,,
2017-01-07,2016,Ipswich Town,Lincoln City,2,2,3,initial,NA,NA,NA,NA,,
2017-01-07,2016,Hull City,Swansea City,2,0,3,initial,NA,NA,NA,NA,,
2017-01-07,2016,Sunderland,Burnley,0,0,3,initial,NA,NA,NA,NA,,
2017-01-07,2016,Queens Park Rangers,Blackburn Rovers,1,2,3,initial,NA,NA,NA,NA,,
2017-01-07,2016,Brighton & Hove Albion,Milton Keynes Dons,2,0,3,initial,NA,NA,NA,NA,,
2017-01-07,2016,Millwall,AFC Bournemouth,3,0,3,initial,NA,NA,NA,NA,,
2017-01-07,2016,Blackpool,Barnsley,0,0,3,initial,NA,NA,NA,NA,,
2017-01-07,2016,Wigan Athletic,Nottingham Forest,2,0,3,initial,NA,NA,NA,NA,,
2017-01-07,2016,Rotherham United,Oxford United,2,3,3,initial,NA,NA,NA,NA,,
2017-01-07,2016,Norwich City,Southampton,2,2,3,initial,NA,NA,NA,NA,,
2017-01-07,2016,Barrow,Rochdale,0,2,3,initial,NA,NA,NA,NA,,
2017-01-07,2016,West Bromwich Albion,Derby County,1,2,3,initial,NA,NA,NA,NA,,
2017-01-07,2016,Everton,Leicester City,1,2,3,initial,NA,NA,NA,NA,,
2017-01-07,2016,Wycombe Wanderers,Stourbridge,2,1,3,initial,NA,NA,NA,NA,,
2017-01-07,2016,Watford,Burton Albion,2,0,3,initial,NA,NA,NA,NA,,
2017-01-07,2016,Stoke City,Wolverhampton Wanderers,0,2,3,initial,NA,NA,NA,NA,,
2017-01-07,2016,Bristol City,Fleetwood Town,0,0,3,initial,NA,NA,NA,NA,,
2017-01-07,2016,Huddersfield Town,Port Vale,4,0,3,initial,NA,NA,NA,NA,,
2017-01-07,2016,Brentford,Eastleigh,5,1,3,initial,NA,NA,NA,NA,,
2017-01-07,2016,Birmingham City,Newcastle United,1,1,3,initial,NA,NA,NA,NA,,
2017-01-07,2016,Bolton Wanderers,Crystal Palace,0,0,3,initial,NA,NA,NA,NA,,
2017-01-07,2016,Sutton United,AFC Wimbledon,0,0,3,initial,NA,NA,NA,NA,,
2017-01-07,2016,Accrington,Luton Town,2,1,3,initial,NA,NA,NA,NA,,
2017-01-07,2016,Preston North End,Arsenal,1,2,3,initial,NA,NA,NA,NA,,
2017-01-08,2016,Cardiff City,Fulham,1,2,3,initial,NA,NA,NA,NA,,
2017-01-08,2016,Liverpool,Plymouth Argyle,0,0,3,initial,NA,NA,NA,NA,,
2017-01-08,2016,Chelsea,Peterborough United,4,1,3,initial,NA,NA,NA,NA,,
2017-01-08,2016,Middlesbrough,Sheffield Wednesday,3,0,3,initial,NA,NA,NA,NA,,
2017-01-08,2016,Tottenham Hotspur,Aston Villa,2,0,3,initial,NA,NA,NA,NA,,
2017-01-09,2016,Cambridge United,Leeds United,1,2,3,initial,NA,NA,NA,NA,,
2017-01-17,2016,Burnley,Sunderland,2,0,3,replay,NA,NA,NA,NA,,
2017-01-17,2016,Barnsley,Blackpool,1,2,3,replay,yes,NA,NA,NA,,
2017-01-17,2016,Fleetwood Town,Bristol City,0,1,3,replay,NA,NA,NA,NA,,
2017-01-17,2016,AFC Wimbledon,Sutton United,1,3,3,replay,NA,NA,NA,NA,,
2017-01-17,2016,Crystal Palace,Bolton Wanderers,2,1,3,replay,NA,NA,NA,NA,,
2017-01-17,2016,Lincoln City,Ipswich Town,1,0,3,replay,NA,NA,NA,NA,,
2017-01-18,2016,Southampton,Norwich City,1,0,3,replay,NA,NA,NA,NA,,
2017-01-18,2016,Newcastle United,Birmingham City,3,1,3,replay,NA,NA,NA,NA,,
2017-01-18,2016,Plymouth Argyle,Liverpool,0,1,3,replay,NA,NA,NA,NA,,
2016-12-02,2016,Macclesfield,Oxford United,0,0,2,initial,NA,NA,NA,NA,,
2016-12-03,2016,Chesterfield,Wycombe Wanderers,0,5,2,initial,NA,NA,NA,NA,,
2016-12-03,2016,Blackpool,Brackley Town,1,0,2,initial,NA,NA,NA,NA,,
2016-12-03,2016,Luton Town,Solihull,6,2,2,initial,NA,NA,NA,NA,,
2016-12-03,2016,Sutton United,Cheltenham,2,1,2,initial,NA,NA,NA,NA,,
2016-12-03,2016,Shrewsbury Town,Fleetwood Town,0,0,2,initial,NA,NA,NA,NA,,
2016-12-03,2016,Charlton Athletic,Milton Keynes Dons,0,0,2,initial,NA,NA,NA,NA,,
2016-12-03,2016,Plymouth Argyle,Newport County,0,0,2,initial,NA,NA,NA,NA,,
2016-12-03,2016,Carlisle United,Rochdale,0,2,2,initial,NA,NA,NA,NA,,
2016-12-04,2016,Curzon Ashton,AFC Wimbledon,3,4,2,initial,NA,NA,NA,NA,,
2016-12-04,2016,Millwall,Braintree Town,5,2,2,initial,NA,NA,NA,NA,,
2016-12-04,2016,Bolton Wanderers,Sheffield United,3,2,2,initial,NA,NA,NA,NA,,
2016-12-04,2016,Notts County,Peterborough United,2,2,2,initial,NA,NA,NA,NA,,
2016-12-04,2016,Cambridge United,Coventry City,4,0,2,initial,NA,NA,NA,NA,,
2016-12-04,2016,Bristol Rovers,Barrow,1,2,2,initial,NA,NA,NA,NA,,
2016-12-04,2016,Woking,Accrington,0,3,2,initial,NA,NA,NA,NA,,
2016-12-04,2016,Eastleigh,Halifax Town,3,3,2,initial,NA,NA,NA,NA,,
2016-12-04,2016,Port Vale,Hartlepool United,4,0,2,initial,NA,NA,NA,NA,,
2016-12-05,2016,Lincoln City,Oldham Athletic,3,2,2,initial,NA,NA,NA,NA,,
2016-12-13,2016,Stourbridge,Northampton Town,1,0,2,initial,NA,NA,NA,NA,,
2016-12-13,2016,Oxford United,Macclesfield,3,0,2,replay,NA,NA,NA,NA,,
2016-12-13,2016,Fleetwood Town,Shrewsbury Town,3,2,2,replay,NA,NA,NA,NA,,
2016-12-13,2016,Milton Keynes Dons,Charlton Athletic,3,1,2,replay,yes,NA,NA,NA,,
2016-12-13,2016,Halifax Town,Eastleigh,0,2,2,replay,NA,NA,NA,NA,,
2016-12-20,2016,Peterborough United,Notts County,2,0,2,replay,NA,NA,NA,NA,,
2016-12-21,2016,Newport County,Plymouth Argyle,0,1,2,replay,yes,NA,NA,NA,,
2016-11-04,2016,Millwall,Southend United,1,0,1,initial,NA,NA,NA,NA,,
2016-11-04,2016,Eastleigh,Swindon Town,1,1,1,initial,NA,NA,NA,NA,,
2016-11-05,2016,Crawley Town,Bristol Rovers,1,1,1,initial,NA,NA,NA,NA,,
2016-11-05,2016,Merstham,Oxford United,0,5,1,initial,NA,NA,NA,NA,,
2016-11-05,2016,Dagenham and Redbridge,Halifax Town,0,0,1,initial,NA,NA,NA,NA,,
2016-11-05,2016,Yeovil,Solihull,2,2,1,initial,NA,NA,NA,NA,,
2016-11-05,2016,Stockport County,Woking,2,4,1,initial,NA,NA,NA,NA,,
2016-11-05,2016,Dartford,Sutton United,3,6,1,initial,NA,NA,NA,NA,,
2016-11-05,2016,Walsall,Macclesfield,0,1,1,initial,NA,NA,NA,NA,,
2016-11-05,2016,Port Vale,Stevenage Borough,1,0,1,initial,NA,NA,NA,NA,,
2016-11-05,2016,Northampton Town,Harrow Borough,6,0,1,initial,NA,NA,NA,NA,,
2016-11-05,2016,Cambridge United,Dover Athletic,1,1,1,initial,NA,NA,NA,NA,,
2016-11-05,2016,Westfields,Curzon Ashton,1,1,1,initial,NA,NA,NA,NA,,
2016-11-05,2016,Milton Keynes Dons,Spennymoor United,3,2,1,initial,NA,NA,NA,NA,,
2016-11-05,2016,Gillingham,Brackley Town,2,2,1,initial,NA,NA,NA,NA,,
2016-11-05,2016,Portsmouth,Wycombe Wanderers,1,2,1,initial,NA,NA,NA,NA,,
2016-11-05,2016,Bury,AFC Wimbledon,2,2,1,initial,NA,NA,NA,NA,,
2016-11-05,2016,Mansfield Town,Plymouth Argyle,1,2,1,initial,NA,NA,NA,NA,,
2016-11-05,2016,Braintree Town,Eastbourne Borough,7,0,1,initial,NA,NA,NA,NA,,
2016-11-05,2016,Bolton Wanderers,Grimsby Town,1,0,1,initial,NA,NA,NA,NA,,
2016-11-05,2016,Bradford City,Accrington,1,2,1,initial,NA,NA,NA,NA,,
2016-11-05,2016,Oldham Athletic,Doncaster Rovers,2,1,1,initial,NA,NA,NA,NA,,
2016-11-05,2016,Shrewsbury Town,Barnet,3,0,1,initial,NA,NA,NA,NA,,
2016-11-05,2016,Whitehawk,Stourbridge,1,1,1,initial,NA,NA,NA,NA,,
2016-11-05,2016,Colchester United,Chesterfield,1,2,1,initial,NA,NA,NA,NA,,
2016-11-05,2016,Lincoln City,Altrincham,2,1,1,initial,NA,NA,NA,NA,,
2016-11-05,2016,Exeter City,Luton Town,1,3,1,initial,NA,NA,NA,NA,,
2016-11-05,2016,Charlton Athletic,Scunthorpe United,3,1,1,initial,NA,NA,NA,NA,,
2016-11-05,2016,Cheltenham,Crewe Alexandra,1,1,1,initial,NA,NA,NA,NA,,
2016-11-05,2016,Peterborough United,Chesham United,2,1,1,initial,NA,NA,NA,NA,,
2016-11-06,2016,Sheffield United,Leyton Orient,6,0,1,initial,NA,NA,NA,NA,,
2016-11-06,2016,Taunton Town,Barrow,2,2,1,initial,NA,NA,NA,NA,,
2016-11-06,2016,Alfreton Town,Newport County,1,1,1,initial,NA,NA,NA,NA,,
2016-11-06,2016,Maidstone United,Rochdale,1,1,1,initial,NA,NA,NA,NA,,
2016-11-06,2016,St Albans,Carlisle United,3,5,1,initial,NA,NA,NA,NA,,
2016-11-06,2016,Boreham Wood,Notts County,2,2,1,initial,NA,NA,NA,NA,,
2016-11-06,2016,Hartlepool United,Stamford,3,0,1,initial,NA,NA,NA,NA,,
2016-11-06,2016,Morecambe,Coventry City,1,1,1,initial,NA,NA,NA,NA,,
2016-11-06,2016,Blackpool,Kidderminster Harriers,2,0,1,initial,NA,NA,NA,NA,,
2016-11-07,2016,Southport,Fleetwood Town,0,0,1,initial,NA,NA,NA,NA,,
2016-11-14,2016,Curzon Ashton,Westfields,3,1,1,replay,NA,NA,NA,NA,,
2016-11-14,2016,Stourbridge,Whitehawk,3,0,1,replay,NA,NA,NA,NA,,
2016-11-15,2016,Halifax Town,Dagenham and Redbridge,2,1,1,replay,NA,NA,NA,NA,,
2016-11-15,2016,Solihull,Yeovil,1,1,1,replay,yes,yes,NA,NA,,
2016-11-15,2016,AFC Wimbledon,Bury,5,0,1,replay,NA,NA,NA,NA,,
2016-11-15,2016,Swindon Town,Eastleigh,1,3,1,replay,NA,NA,NA,NA,,
2016-11-15,2016,Bristol Rovers,Crawley Town,4,2,1,replay,yes,NA,NA,NA,,
2016-11-15,2016,Crewe Alexandra,Cheltenham,1,4,1,replay,NA,NA,NA,NA,,
2016-11-15,2016,Barrow,Taunton Town,2,1,1,replay,NA,NA,NA,NA,,
2016-11-15,2016,Newport County,Alfreton Town,4,1,1,replay,yes,NA,NA,NA,,
2016-11-15,2016,Rochdale,Maidstone United,2,0,1,replay,NA,NA,NA,NA,,
2016-11-15,2016,Notts County,Boreham Wood,2,0,1,replay,NA,NA,NA,NA,,
2016-11-15,2016,Coventry City,Morecambe,2,1,1,replay,NA,NA,NA,NA,,
2016-11-15,2016,Fleetwood Town,Southport,4,1,1,replay,yes,NA,NA,NA,,
2016-11-16,2016,Brackley Town,Gillingham,4,3,1,replay,yes,NA,NA,NA,,
2016-11-17,2016,Dover Athletic,Cambridge United,2,4,1,replay,yes,NA,NA,NA,,
2017-05-27,2016,Arsenal,Chelsea,2,1,f,initial,NA,NA,yes,"Wembley (new), London",,
2017-11-03,2017,Hyde United,Milton Keynes Dons,0,4,1,initial,NA,NA,NA,"Ewen Fields, Hyde",,
2017-11-03,2017,Notts County,Bristol Rovers,4,2,1,initial,NA,NA,NA,Meadow Lane,,
2017-11-03,2017,Port Vale,Oxford United,2,0,1,initial,NA,NA,NA,Vale Park,,
2017-11-04,2017,AFC Fylde,Kidderminster Harriers,4,2,1,initial,NA,NA,NA,"Mill Farm, Wesham",,
2017-11-04,2017,AFC Wimbledon,Lincoln City,1,0,1,initial,NA,NA,NA,Cherry Red Records Fans Stadium,,
2017-11-04,2017,Blackburn Rovers,Barnet,3,1,1,initial,NA,NA,NA,Ewood Park,,
2017-11-04,2017,Boreham Wood,Blackpool,2,1,1,initial,NA,NA,NA,"Meadow Park, Boreham Wood",,
2017-11-04,2017,Bradford City,Chesterfield,2,0,1,initial,NA,NA,NA,Northern Commercials Stadium,,
2017-11-04,2017,Carlisle United,Oldham Athletic,3,2,1,initial,NA,NA,NA,Brunton Park,,
2017-11-04,2017,Cheltenham,Maidstone United,2,4,1,initial,NA,NA,NA,LCI Rail Stadium,,
2017-11-04,2017,Colchester United,Oxford City,0,1,1,initial,NA,NA,NA,Weston Homes Community Stadium,,
2017-11-04,2017,Crewe Alexandra,Rotherham United,2,1,1,initial,NA,NA,NA,Gresty Road,,
2017-11-04,2017,Ebbsfleet United,Doncaster Rovers,2,6,1,initial,NA,NA,NA,"Kuflink Stadium, Northfleet",,
2017-11-04,2017,Forest Green Rovers,Macclesfield Town,1,0,1,initial,NA,NA,NA,"The New Lawn, Nailsworth",,
2017-11-04,2017,Gainsborough Trinity,Slough Town,0,6,1,initial,NA,NA,NA,"Gainsborough Martin & Co Arena, Gainsborough",,
2017-11-04,2017,Gateshead,Chelmsford City,2,0,1,initial,NA,NA,NA,"International Stadium, Gateshead",,
2017-11-04,2017,Gillingham,Leyton Orient,2,1,1,initial,NA,NA,NA,MEMS Priestfield Stadium,,
2017-11-04,2017,Hereford United,AFC Telford United,1,0,1,initial,NA,NA,NA,"Edgar Street, Hereford",,
2017-11-04,2017,Luton Town,Portsmouth,1,0,1,initial,NA,NA,NA,Kenilworth Road,,
2017-11-04,2017,Morecambe,Hartlepool United,3,0,1,initial,NA,NA,NA,Globe Arena,,
2017-11-04,2017,Newport County,Walsall,2,1,1,initial,NA,NA,NA,Rodney Parade,,
2017-11-04,2017,Northampton Town,Scunthorpe United,0,0,1,initial,NA,NA,NA,Sixfields Stadium,,
2017-11-04,2017,Peterborough United,Tranmere Rovers,1,1,1,initial,NA,NA,NA,ABAX Stadium,,
2017-11-04,2017,Plymouth Argyle,Grimsby Town,1,0,1,initial,NA,NA,NA,Home Park,,
2017-11-04,2017,Rochdale,Bromley,4,0,1,initial,NA,NA,NA,Crown Oil Arena,,
2017-11-04,2017,Shaw Lane,Mansfield Town,1,3,1,initial,NA,NA,NA,Sheerien Park,,
2017-11-04,2017,Shrewsbury Town,Aldershot Town,5,0,1,initial,NA,NA,NA,Montgomery Waters Meadow,,
2017-11-04,2017,Stevenage Borough,Nantwich Town,5,0,1,initial,NA,NA,NA,Lamex Stadium,,
2017-11-04,2017,Wigan Athletic,Crawley Town,2,1,1,initial,NA,NA,NA,DW Stadium,,
2017-11-04,2017,Yeovil,Southend United,1,0,1,initial,NA,NA,NA,Huish Park,,
2017-11-05,2017,Cambridge United,Sutton United,1,0,1,initial,NA,NA,NA,Cambs Glass Stadium,,
2017-11-05,2017,Charlton Athletic,Truro City,3,1,1,initial,NA,NA,NA,The Valley,,
2017-11-05,2017,Coventry City,Maidenhead United,2,0,1,initial,NA,NA,NA,Ricoh Arena,,
2017-11-05,2017,Dartford,Swindon Town,1,5,1,initial,NA,NA,NA,"Princes Park Stadium, Dartford",,
2017-11-05,2017,Exeter City,Heybridge Swifts,3,1,1,initial,NA,NA,NA,"St James Park, Exeter",,
2017-11-05,2017,Guiseley AFC,Accrington Stanley,0,0,1,initial,NA,NA,NA,"Nethermoor Park, Guiseley",,
2017-11-05,2017,Leatherhead,Billericay,1,1,1,initial,NA,NA,NA,"Fetcham Grove, Leatherhead",,
2017-11-05,2017,Solihull,Wycombe Wanderers,0,2,1,initial,NA,NA,NA,"Automated Technology Group Stadium, Solihull",,
2017-11-05,2017,Woking,Bury,1,1,1,initial,NA,NA,NA,"Laithwaite Community Stadium, Woking",,
2017-11-06,2017,Chorley,Fleetwood Town,1,2,1,initial,NA,NA,NA,"Chorley Group Victory Park Stadium, Chorley",,
2017-11-14,2017,Accrington Stanley,Guiseley AFC,1,1,1,replay,yes,yes,NA,Wham Stadium,,
2017-11-14,2017,Bury,Woking,0,3,1,replay,NA,NA,NA,Energy Check Stadium at Gigg Lane,,
2017-11-14,2017,Scunthorpe United,Northampton Town,1,0,1,replay,NA,NA,NA,Glanford Park,,
2017-11-15,2017,Tranmere Rovers,Peterborough United,0,5,1,replay,NA,NA,NA,Prenton Park,,
2017-11-16,2017,Billericay,Leatherhead,1,3,1,replay,NA,NA,NA,"AGP Arena, Billericay",,
2017-12-01,2017,AFC Fylde,Wigan Athletic,1,1,2,initial,NA,NA,NA,"Mill Farm, Wesham",,
2017-12-02,2017,Bradford City,Plymouth Argyle,3,1,2,initial,NA,NA,NA,Northern Commercials Stadium,,
2017-12-02,2017,Fleetwood Town,Hereford United,1,1,2,initial,NA,NA,NA,"Highbury Stadium, Fleetwood",,
2017-12-02,2017,Forest Green Rovers,Exeter City,3,3,2,initial,NA,NA,NA,"The New Lawn, Nailsworth",,
2017-12-02,2017,Gillingham,Carlisle United,1,1,2,initial,NA,NA,NA,MEMS Priestfield Stadium,,
2017-12-02,2017,Milton Keynes Dons,Maidstone United,4,1,2,initial,NA,NA,NA,Stadium MK,,
2017-12-02,2017,Notts County,Oxford City,3,2,2,initial,NA,NA,NA,Meadow Lane,,
2017-12-02,2017,Port Vale,Yeovil,1,1,2,initial,NA,NA,NA,Vale Park,,
2017-12-02,2017,Shrewsbury Town,Morecambe,2,0,2,initial,NA,NA,NA,Montgomery Waters Meadow,,
2017-12-02,2017,Stevenage Borough,Swindon Town,5,2,2,initial,NA,NA,NA,Lamex Stadium,,
2017-12-03,2017,AFC Wimbledon,Charlton Athletic,3,1,2,initial,NA,NA,NA,Cherry Red Records Fans Stadium,,
2017-12-03,2017,Blackburn Rovers,Crewe Alexandra,3,3,2,initial,NA,NA,NA,Ewood Park,,
2017-12-03,2017,Coventry City,Boreham Wood,3,0,2,initial,NA,NA,NA,Ricoh Arena,,
2017-12-03,2017,Doncaster Rovers,Scunthorpe United,3,0,2,initial,NA,NA,NA,Keepmoat Stadium,,
2017-12-03,2017,Gateshead,Luton Town,0,5,2,initial,NA,NA,NA,"International Stadium, Gateshead",,
2017-12-03,2017,Mansfield Town,Guiseley AFC,3,0,2,initial,NA,NA,NA,One Call Stadium,,
2017-12-03,2017,Newport County,Cambridge United,2,0,2,initial,NA,NA,NA,Rodney Parade,,
2017-12-03,2017,Woking,Peterborough United,1,1,2,initial,NA,NA,NA,"Laithwaite Community Stadium, Woking",,
2017-12-03,2017,Wycombe Wanderers,Leatherhead,3,1,2,initial,NA,NA,NA,Adams Park,,
2017-12-04,2017,Slough Town,Rochdale,0,4,2,initial,NA,NA,NA,"Arbour Park, Slough",,
2017-12-12,2017,Exeter City,Forest Green Rovers,2,1,2,replay,yes,NA,NA,"St James Park, Exeter",,
2017-12-12,2017,Peterborough United,Woking,5,2,2,replay,NA,NA,NA,ABAX Stadium,,
2017-12-12,2017,Wigan Athletic,AFC Fylde,3,2,2,replay,NA,NA,NA,DW Stadium,,
2017-12-12,2017,Yeovil,Port Vale,3,2,2,replay,yes,NA,NA,Huish Park,,
2017-12-13,2017,Crewe Alexandra,Blackburn Rovers,0,1,2,replay,NA,NA,NA,Gresty Road,,
2017-12-14,2017,Hereford United,Fleetwood Town,0,2,2,replay,NA,NA,NA,"Edgar Street, Hereford",,
2017-12-19,2017,Carlisle United,Gillingham,3,1,2,replay,NA,NA,NA,Brunton Park,,
2018-01-05,2017,Liverpool,Everton,2,1,3,initial,NA,NA,NA,Anfield,,
2018-01-05,2017,Manchester United,Derby County,2,0,3,initial,NA,NA,NA,Old Trafford,,
2018-01-06,2017,AFC Bournemouth,Wigan Athletic,2,2,3,initial,NA,NA,NA,Vitality Stadium,,
2018-01-06,2017,Aston Villa,Peterborough United,1,3,3,initial,NA,NA,NA,Villa Park,,
2018-01-06,2017,Birmingham City,Burton Albion,1,0,3,initial,NA,NA,NA,St Andrew's,,
2018-01-06,2017,Blackburn Rovers,Hull City,0,1,3,initial,NA,NA,NA,Ewood Park,,
2018-01-06,2017,Bolton Wanderers,Huddersfield Town,1,2,3,initial,NA,NA,NA,Macron Stadium,,
2018-01-06,2017,Brentford,Notts County,0,1,3,initial,NA,NA,NA,Griffin Park,,
2018-01-06,2017,Cardiff City,Mansfield Town,0,0,3,initial,NA,NA,NA,Cardiff City Stadium,,
2018-01-06,2017,Carlisle United,Sheffield Wednesday,0,0,3,initial,NA,NA,NA,Brunton Park,,
2018-01-06,2017,Coventry City,Stoke City,2,1,3,initial,NA,NA,NA,Ricoh Arena,,
2018-01-06,2017,Doncaster Rovers,Rochdale,0,1,3,initial,NA,NA,NA,Keepmoat Stadium,,
2018-01-06,2017,Exeter City,West Bromwich Albion,0,2,3,initial,NA,NA,NA,"St James Park, Exeter",,
2018-01-06,2017,Fleetwood Town,Leicester City,0,0,3,initial,NA,NA,NA,"Highbury Stadium, Fleetwood",,
2018-01-06,2017,Fulham,Southampton,0,1,3,initial,NA,NA,NA,Craven Cottage,,
2018-01-06,2017,Ipswich Town,Sheffield United,0,1,3,initial,NA,NA,NA,Portman Road,,
2018-01-06,2017,Manchester City,Burnley,4,1,3,initial,NA,NA,NA,Etihad Stadium,,
2018-01-06,2017,Middlesbrough,Sunderland,2,0,3,initial,NA,NA,NA,Riverside Stadium,,
2018-01-06,2017,Millwall,Barnsley,4,1,3,initial,NA,NA,NA,The New Den,,
2018-01-06,2017,Newcastle United,Luton Town,3,1,3,initial,NA,NA,NA,St James' Park,,
2018-01-06,2017,Norwich City,Chelsea,0,0,3,initial,NA,NA,NA,Carrow Road,,
2018-01-06,2017,Queens Park Rangers,Milton Keynes Dons,0,1,3,initial,NA,NA,NA,Loftus Road,,
2018-01-06,2017,Stevenage Borough,Reading,0,0,3,initial,NA,NA,NA,Lamex Stadium,,
2018-01-06,2017,Watford,Bristol City,3,0,3,initial,NA,NA,NA,Vicarage Road,,
2018-01-06,2017,Wolverhampton Wanderers,Swansea City,0,0,3,initial,NA,NA,NA,Molineux,,
2018-01-06,2017,Wycombe Wanderers,Preston North End,1,5,3,initial,NA,NA,NA,Adams Park,,
2018-01-06,2017,Yeovil,Bradford City,2,0,3,initial,NA,NA,NA,Huish Park,,
2018-01-07,2017,Newport County,Leeds United,2,1,3,initial,NA,NA,NA,Rodney Parade,,
2018-01-07,2017,Nottingham Forest,Arsenal,4,2,3,initial,NA,NA,NA,City Ground,,
2018-01-07,2017,Shrewsbury Town,West Ham United,0,0,3,initial,NA,NA,NA,Montgomery Waters Meadow,,
2018-01-07,2017,Tottenham Hotspur,AFC Wimbledon,3,0,3,initial,NA,NA,NA,Wembley Stadium,,
2018-01-08,2017,Brighton & Hove Albion,Crystal Palace,2,1,3,initial,NA,NA,NA,AMEX Stadium,,
2018-01-16,2017,Leicester City,Fleetwood Town,2,0,3,replay,NA,NA,NA,King Power Stadium,,
2018-01-16,2017,Mansfield Town,Cardiff City,1,4,3,replay,NA,NA,NA,One Call Stadium,,
2018-01-16,2017,Reading,Stevenage Borough,3,0,3,replay,NA,NA,NA,Madejski Stadium,,
2018-01-16,2017,Sheffield Wednesday,Carlisle United,2,0,3,replay,NA,NA,NA,Hillsborough,,
2018-01-16,2017,West Ham United,Shrewsbury Town,1,0,3,replay,yes,NA,NA,London Stadium,,
2018-01-17,2017,Chelsea,Norwich City,1,1,3,replay,yes,yes,NA,Stamford Bridge,,
2018-01-17,2017,Swansea City,Wolverhampton Wanderers,2,1,3,replay,NA,NA,NA,Liberty Stadium,,
2018-01-17,2017,Wigan Athletic,AFC Bournemouth,3,0,3,replay,NA,NA,NA,DW Stadium,,
2018-01-26,2017,Sheffield Wednesday,Reading,3,1,4,initial,NA,NA,NA,Hillsborough,,
2018-01-26,2017,Yeovil,Manchester United,0,4,4,initial,NA,NA,NA,Huish Park,,
2018-01-27,2017,Huddersfield Town,Birmingham City,1,1,4,initial,NA,NA,NA,John Smith's Stadium,,
2018-01-27,2017,Hull City,Nottingham Forest,2,1,4,initial,NA,NA,NA,KCOM Stadium,,
2018-01-27,2017,Liverpool,West Bromwich Albion,2,3,4,initial,NA,NA,NA,Anfield,,
2018-01-27,2017,Middlesbrough,Brighton & Hove Albion,0,1,4,initial,NA,NA,NA,Riverside Stadium,,
2018-01-27,2017,Millwall,Rochdale,2,2,4,initial,NA,NA,NA,The New Den,,
2018-01-27,2017,Milton Keynes Dons,Coventry City,0,1,4,initial,NA,NA,NA,Stadium MK,,
2018-01-27,2017,Newport County,Tottenham Hotspur,1,1,4,initial,NA,NA,NA,Rodney Parade,,
2018-01-27,2017,Notts County,Swansea City,1,1,4,initial,NA,NA,NA,Meadow Lane,,
2018-01-27,2017,Peterborough United,Leicester City,1,5,4,initial,NA,NA,NA,ABAX Stadium,,
2018-01-27,2017,Sheffield United,Preston North End,1,0,4,initial,NA,NA,NA,Bramall Lane,,
2018-01-27,2017,Southampton,Watford,1,0,4,initial,NA,NA,NA,St Mary's Stadium,,
2018-01-27,2017,Wigan Athletic,West Ham United,2,0,4,initial,NA,NA,NA,DW Stadium,,
2018-01-28,2017,Cardiff City,Manchester City,0,2,4,initial,NA,NA,NA,Cardiff City Stadium,,
2018-01-28,2017,Chelsea,Newcastle United,3,0,4,initial,NA,NA,NA,Stamford Bridge,,
2018-02-06,2017,Birmingham City,Huddersfield Town,1,4,4,replay,yes,NA,NA,St Andrew's,,
2018-02-06,2017,Rochdale,Millwall,1,0,4,replay,NA,NA,NA,Crown Oil Arena,,
2018-02-06,2017,Swansea City,Notts County,8,1,4,replay,NA,NA,NA,Liberty Stadium,,
2018-02-07,2017,Tottenham Hotspur,Newport County,2,0,4,replay,NA,NA,NA,Wembley Stadium,,
2018-02-16,2017,Chelsea,Hull City,4,0,5,initial,NA,NA,NA,Stamford Bridge,,
2018-02-16,2017,Leicester City,Sheffield United,1,0,5,initial,NA,NA,NA,King Power Stadium,,
2018-02-17,2017,Brighton & Hove Albion,Coventry City,3,1,5,initial,NA,NA,NA,AMEX Stadium,,
2018-02-17,2017,Huddersfield Town,Manchester United,0,2,5,initial,NA,NA,NA,John Smith's Stadium,,
2018-02-17,2017,Sheffield Wednesday,Swansea City,0,0,5,initial,NA,NA,NA,Hillsborough,,
2018-02-17,2017,West Bromwich Albion,Southampton,1,2,5,initial,NA,NA,NA,The Hawthorns,,
2018-02-18,2017,Rochdale,Tottenham Hotspur,2,2,5,initial,NA,NA,NA,Crown Oil Arena,,
2018-02-19,2017,Wigan Athletic,Manchester City,1,0,5,initial,NA,NA,NA,DW Stadium,,
2018-02-27,2017,Swansea City,Sheffield Wednesday,2,0,5,replay,NA,NA,NA,Liberty Stadium,,
2018-02-28,2017,Tottenham Hotspur,Rochdale,6,1,5,replay,NA,NA,NA,Wembley Stadium,,
2018-03-17,2017,Manchester United,Brighton & Hove Albion,2,0,Quarter-final,initial,NA,NA,NA,Old Trafford,,
2018-03-17,2017,Swansea City,Tottenham Hotspur,0,3,Quarter-final,initial,NA,NA,NA,Liberty Stadium,,
2018-03-18,2017,Leicester City,Chelsea,1,2,Quarter-final,initial,yes,NA,NA,King Power Stadium,,
2018-03-18,2017,Wigan Athletic,Southampton,0,2,Quarter-final,initial,NA,NA,NA,DW Stadium,,
2018-04-21,2017,Manchester United,Tottenham Hotspur,2,1,Semi-final,initial,NA,NA,yes,Wembley Stadium,,
2018-04-22,2017,Chelsea,Southampton,2,0,Semi-final,initial,NA,NA,yes,Wembley Stadium,,
2018-05-19,2017,Chelsea,Manchester United,1,0,Final,initial,NA,NA,yes,Wembley Stadium,,
2018-11-09,2018,Haringey Borough,AFC Wimbledon,0,1,1,initial,NA,NA,NA,"Coles Park, Tottenham",,
2018-11-10,2018,Accrington Stanley,Colchester United,1,0,1,initial,NA,NA,NA,Wham Stadium,,
2018-11-10,2018,Aldershot Town,Bradford City,1,1,1,initial,NA,NA,NA,"EBB Stadium at the Recreation Ground, Aldershot",,
2018-11-10,2018,Barnsley,Notts County,4,0,1,initial,NA,NA,NA,Oakwell,,
2018-11-10,2018,Bromley,Peterborough United,1,3,1,initial,NA,NA,NA,"Westminster Waste Stadium, Bromley",,
2018-11-10,2018,Bury,Dover Athletic,5,0,1,initial,NA,NA,NA,Energy Check Stadium at Gigg Lane,,
2018-11-10,2018,Chesterfield,Billericay,1,1,1,initial,NA,NA,NA,Proact Stadium,,
2018-11-10,2018,Crewe Alexandra,Carlisle United,0,1,1,initial,NA,NA,NA,Gresty Road,,
2018-11-10,2018,Ebbsfleet United,Cheltenham,0,0,1,initial,NA,NA,NA,"Kuflink Stadium, Northfleet",,
2018-11-10,2018,Exeter City,Blackpool,2,3,1,initial,NA,NA,NA,"St James Park, Exeter",,
2018-11-10,2018,Gillingham,Hartlepool United,0,0,1,initial,NA,NA,NA,Medway Priestfield Stadium,,
2018-11-10,2018,Grimsby Town,Milton Keynes Dons,3,1,1,initial,NA,NA,NA,Blundell Park,,
2018-11-10,2018,Lincoln City,Northampton Town,3,2,1,initial,NA,NA,NA,Sincil Bank,,
2018-11-10,2018,Luton Town,Wycombe Wanderers,2,0,1,initial,NA,NA,NA,Kenilworth Road,,
2018-11-10,2018,Maidenhead United,Portsmouth,0,4,1,initial,NA,NA,NA,"York Road, Maidenhead",,
2018-11-10,2018,Maidstone United,Macclesfield Town,2,1,1,initial,NA,NA,NA,"Gallagher Stadium, Maidstone",,
2018-11-10,2018,Metropolitan Police,Newport County,0,2,1,initial,NA,NA,NA,"Imber Court, East Molesey",,
2018-11-10,2018,Morecambe,Halifax Town,0,0,1,initial,NA,NA,NA,Globe Arena,,
2018-11-10,2018,Oxford United,Forest Green Rovers,0,0,1,initial,NA,NA,NA,Kassam Stadium,,
2018-11-10,2018,Plymouth Argyle,Stevenage Borough,1,0,1,initial,NA,NA,NA,Home Park,,
2018-11-10,2018,Rochdale,Gateshead,2,1,1,initial,NA,NA,NA,Crown Oil Arena,,
2018-11-10,2018,Scunthorpe United,Burton Albion,2,1,1,initial,NA,NA,NA,Glanford Park,,
2018-11-10,2018,Southend United,Crawley Town,1,1,1,initial,NA,NA,NA,Roots Hall,,
2018-11-10,2018,Southport,Boreham Wood,2,0,1,initial,NA,NA,NA,"Merseyrail Community Stadium, Southport",,
2018-11-10,2018,Sutton United,Slough Town,0,0,1,initial,NA,NA,NA,"Borough Sports Ground, Sutton",,
2018-11-10,2018,Swindon Town,York City,2,1,1,initial,NA,NA,NA,Energy Check County Ground,,
2018-11-10,2018,Torquay United,Woking,0,1,1,initial,NA,NA,NA,"Plainmoor, Torquay",,
2018-11-10,2018,Tranmere Rovers,Oxford City,3,3,1,initial,NA,NA,NA,Prenton Park,,
2018-11-10,2018,Walsall,Coventry City,3,2,1,initial,NA,NA,NA,Banks's Stadium,,
2018-11-10,2018,Yeovil,Stockport County,1,3,1,initial,NA,NA,NA,Huish Park,,
2018-11-11,2018,Alfreton Town,Fleetwood Town,1,4,1,initial,NA,NA,NA,"Impact Arena, Alfreton",,
2018-11-11,2018,Barnet,Bristol Rovers,1,1,1,initial,NA,NA,NA,"The Hive, Edgware",,
2018-11-11,2018,Chorley,Doncaster Rovers,2,2,1,initial,NA,NA,NA,"Chorley Group Victory Park Stadium, Chorley",,
2018-11-11,2018,Guiseley AFC,Cambridge United,4,3,1,initial,NA,NA,NA,"Nethermoor Park, Guiseley",,
2018-11-11,2018,Hitchin Town,Solihull,0,2,1,initial,NA,NA,NA,"Top Field, Hitchin",,
2018-11-11,2018,Mansfield Town,Charlton Athletic,1,1,1,initial,NA,NA,NA,One Call Stadium,,
2018-11-11,2018,Port Vale,Sunderland,1,2,1,initial,NA,NA,NA,Vale Park,,
2018-11-11,2018,Shrewsbury Town,Salford City,1,1,1,initial,NA,NA,NA,Montgomery Waters Meadow,,
2018-11-11,2018,Weston-super-Mare,Wrexham,0,2,1,initial,NA,NA,NA,"Woodspring Stadium, Weston-super-Mare",,
2018-11-12,2018,Hampton & Richmond,Oldham Athletic,1,2,1,initial,NA,NA,NA,"Beveree Stadium, Hampton",,
2018-11-20,2018,Billericay,Chesterfield,1,3,1,replay,NA,NA,NA,"AGP Arena, Billericay",,
2018-11-20,2018,Bradford City,Aldershot Town,1,1,1,replay,yes,yes,NA,Northern Commercials Stadium,,
2018-11-20,2018,Charlton Athletic,Mansfield Town,5,0,1,replay,NA,NA,NA,The Valley,,
2018-11-20,2018,Cheltenham,Ebbsfleet United,2,0,1,replay,NA,NA,NA,Jonny-Rocks Stadium,,
2018-11-20,2018,Crawley Town,Southend United,2,6,1,replay,yes,NA,NA,Checkatrade.com Stadium,,
2018-11-20,2018,Doncaster Rovers,Chorley,7,0,1,replay,NA,NA,NA,Keepmoat Stadium,,
2018-11-20,2018,Halifax Town,Morecambe,1,0,1,replay,NA,NA,NA,MBi Shay Stadium,,
2018-11-20,2018,Forest Green Rovers,Oxford United,0,3,1,replay,NA,NA,NA,"The New Lawn, Nailsworth",,
2018-11-20,2018,Oxford City,Tranmere Rovers,0,2,1,replay,NA,NA,NA,"Court Place Farm, Oxford",,
2018-11-20,2018,Slough Town,Sutton United,1,1,1,replay,yes,yes,NA,"Arbour Park, Slough",,
2018-11-21,2018,Bristol Rovers,Barnet,1,2,1,replay,NA,NA,NA,Memorial Stadium,,
2018-11-21,2018,Hartlepool United,Gillingham,3,4,1,replay,yes,NA,NA,"Super 6 Stadium, Hartlepool",,
2018-11-21,2018,Salford City,Shrewsbury Town,1,3,1,replay,NA,NA,NA,"Peninsula Stadium, Salford",,
2018-11-30,2018,Solihull,Blackpool,0,0,2,initial,NA,NA,NA,"Automated Technology Group Stadium, Solihull",,
2018-12-01,2018,Accrington Stanley,Cheltenham,3,1,2,initial,NA,NA,NA,Wham Stadium,,
2018-12-01,2018,Charlton Athletic,Doncaster Rovers,0,2,2,initial,NA,NA,NA,The Valley,,
2018-12-01,2018,Halifax Town,AFC Wimbledon,1,3,2,initial,NA,NA,NA,MBi Shay Stadium,,
2018-12-01,2018,Lincoln City,Carlisle United,2,0,2,initial,NA,NA,NA,Sincil Bank,,
2018-12-01,2018,Maidstone United,Oldham Athletic,0,2,2,initial,NA,NA,NA,"Gallagher Stadium, Maidstone",,
2018-12-01,2018,Peterborough United,Bradford City,2,2,2,initial,NA,NA,NA,ABAX Stadium,,
2018-12-01,2018,Plymouth Argyle,Oxford United,1,2,2,initial,NA,NA,NA,Home Park,,
2018-12-01,2018,Southend United,Barnsley,2,4,2,initial,NA,NA,NA,Roots Hall,,
2018-12-01,2018,Walsall,Sunderland,1,1,2,initial,NA,NA,NA,Banks's Stadium,,
2018-12-01,2018,Wrexham,Newport County,0,0,2,initial,NA,NA,NA,"My Racecourse, Wrexham",,
2018-12-02,2018,Barnet,Stockport County,1,0,2,initial,NA,NA,NA,"The Hive, Edgware",,
2018-12-02,2018,Bury,Luton Town,0,1,2,initial,NA,NA,NA,Energy Check Stadium at Gigg Lane,,
2018-12-02,2018,Chesterfield,Grimsby Town,0,2,2,initial,NA,NA,NA,Proact Stadium,,
2018-12-02,2018,Rochdale,Portsmouth,0,1,2,initial,NA,NA,NA,Crown Oil Arena,,
2018-12-02,2018,Shrewsbury Town,Scunthorpe United,1,0,2,initial,NA,NA,NA,Montgomery Waters Meadow,,
2018-12-02,2018,Slough Town,Gillingham,0,1,2,initial,NA,NA,NA,"Arbour Park, Slough",,
2018-12-02,2018,Swindon Town,Woking,0,1,2,initial,NA,NA,NA,Energy Check County Ground,,
2018-12-02,2018,Tranmere Rovers,Southport,1,1,2,initial,NA,NA,NA,Prenton Park,,
2018-12-03,2018,Guiseley AFC,Fleetwood Town,1,2,2,initial,NA,NA,NA,"Nethermoor Park, Guiseley",,
2018-12-11,2018,Bradford City,Peterborough United,4,4,2,replay,yes,yes,NA,Northern Commercials Stadium,,
2018-12-11,2018,Newport County,Wrexham,4,0,2,replay,NA,NA,NA,Rodney Parade,,
2018-12-11,2018,Sunderland,Walsall,0,1,2,replay,NA,NA,NA,Stadium of Light,,
2018-12-17,2018,Southport,Tranmere Rovers,0,2,2,replay,NA,NA,NA,"Merseyrail Community Stadium, Southport",,
2018-12-18,2018,Blackpool,Solihull,3,2,2,replay,yes,NA,NA,Bloomfield Road,,
2019-01-04,2018,Tranmere Rovers,Tottenham Hotspur,0,7,3,initial,NA,NA,NA,Prenton Park,,
2019-01-05,2018,Accrington Stanley,Ipswich Town,1,0,3,initial,NA,NA,NA,Wham Stadium,,
2019-01-05,2018,AFC Bournemouth,Brighton & Hove Albion,1,3,3,initial,NA,NA,NA,Vitality Stadium,,
2019-01-05,2018,Aston Villa,Swansea City,0,3,3,initial,NA,NA,NA,Villa Park,,
2019-01-05,2018,Blackpool,Arsenal,0,3,3,initial,NA,NA,NA,Bloomfield Road,,
2019-01-05,2018,Bolton Wanderers,Walsall,5,2,3,initial,NA,NA,NA,University of Bolton Stadium,,
2019-01-05,2018,Brentford,Oxford United,1,0,3,initial,NA,NA,NA,Griffin Park,,
2019-01-05,2018,Bristol City,Huddersfield Town,1,0,3,initial,NA,NA,NA,Ashton Gate,,
2019-01-05,2018,Burnley,Barnsley,1,0,3,initial,NA,NA,NA,Turf Moor,,
2019-01-05,2018,Chelsea,Nottingham Forest,2,0,3,initial,NA,NA,NA,Stamford Bridge,,
2019-01-05,2018,Crystal Palace,Grimsby Town,1,0,3,initial,NA,NA,NA,Selhurst Park,,
2019-01-05,2018,Derby County,Southampton,2,2,3,initial,NA,NA,NA,Pride Park,,
2019-01-05,2018,Everton,Lincoln City,2,1,3,initial,NA,NA,NA,Goodison Park,,
2019-01-05,2018,Fleetwood Town,AFC Wimbledon,2,3,3,initial,NA,NA,NA,"Highbury Stadium, Fleetwood",,
2019-01-05,2018,Gillingham,Cardiff City,1,0,3,initial,NA,NA,NA,Medway Priestfield Stadium,,
2019-01-05,2018,Manchester United,Reading,2,0,3,initial,NA,NA,NA,Old Trafford,,
2019-01-05,2018,Middlesbrough,Peterborough United,5,0,3,initial,NA,NA,NA,Riverside Stadium,,
2019-01-05,2018,Newcastle United,Blackburn Rovers,1,1,3,initial,NA,NA,NA,St James' Park,,
2019-01-05,2018,Norwich City,Portsmouth,0,1,3,initial,NA,NA,NA,Carrow Road,,
2019-01-05,2018,Sheffield Wednesday,Luton Town,0,0,3,initial,NA,NA,NA,Hillsborough,,
2019-01-05,2018,Shrewsbury Town,Stoke City,1,1,3,initial,NA,NA,NA,Montgomery Waters Meadow,,
2019-01-05,2018,West Bromwich Albion,Wigan Athletic,1,0,3,initial,NA,NA,NA,The Hawthorns,,
2019-01-05,2018,West Ham United,Birmingham City,2,0,3,initial,NA,NA,NA,London Stadium,,
2019-01-06,2018,Fulham,Oldham Athletic,1,2,3,initial,NA,NA,NA,Craven Cottage,,
2019-01-06,2018,Manchester City,Rotherham United,7,0,3,initial,NA,NA,NA,Etihad Stadium,,
2019-01-06,2018,Millwall,Hull City,2,1,3,initial,NA,NA,NA,The New Den,,
2019-01-06,2018,Newport County,Leicester City,2,1,3,initial,NA,NA,NA,Rodney Parade,,
2019-01-06,2018,Preston North End,Doncaster Rovers,1,3,3,initial,NA,NA,NA,Deepdale,,
2019-01-06,2018,Queens Park Rangers,Leeds United,2,1,3,initial,NA,NA,NA,Loftus Road,,
2019-01-06,2018,Sheffield United,Barnet,0,1,3,initial,NA,NA,NA,Bramall Lane,,
2019-01-06,2018,Woking,Watford,0,2,3,initial,NA,NA,NA,"Laithwaite Community Stadium, Woking",,
2019-01-07,2018,Wolverhampton Wanderers,Liverpool,2,1,3,initial,NA,NA,NA,Molineux,,
2019-01-15,2018,Blackburn Rovers,Newcastle United,2,4,3,replay,yes,NA,NA,Ewood Park,,
2019-01-15,2018,Luton Town,Sheffield Wednesday,0,1,3,replay,NA,NA,NA,Kenilworth Road,,
2019-01-15,2018,Stoke City,Shrewsbury Town,2,3,3,replay,NA,NA,NA,bet365 Stadium,,
2019-01-16,2018,Southampton,Derby County,2,2,3,replay,yes,yes,NA,St Mary's Stadium,,
2019-01-25,2018,Arsenal,Manchester United,1,3,4,initial,NA,NA,NA,Emirates Stadium,,
2019-01-25,2018,Bristol City,Bolton Wanderers,2,1,4,initial,NA,NA,NA,Ashton Gate,,
2019-01-26,2018,Accrington Stanley,Derby County,0,1,4,initial,NA,NA,NA,Wham Stadium,,
2019-01-26,2018,AFC Wimbledon,West Ham United,4,2,4,initial,NA,NA,NA,Cherry Red Records Fans Stadium,,
2019-01-26,2018,Brighton & Hove Albion,West Bromwich Albion,0,0,4,initial,NA,NA,NA,AMEX Stadium,,
2019-01-26,2018,Doncaster Rovers,Oldham Athletic,2,1,4,initial,NA,NA,NA,Keepmoat Stadium,,
2019-01-26,2018,Manchester City,Burnley,5,0,4,initial,NA,NA,NA,Etihad Stadium,,
2019-01-26,2018,Middlesbrough,Newport County,1,1,4,initial,NA,NA,NA,Riverside Stadium,,
2019-01-26,2018,Millwall,Everton,3,2,4,initial,NA,NA,NA,The New Den,,
2019-01-26,2018,Newcastle United,Watford,0,2,4,initial,NA,NA,NA,St James' Park,,
2019-01-26,2018,Portsmouth,Queens Park Rangers,1,1,4,initial,NA,NA,NA,Fratton Park,,
2019-01-26,2018,Shrewsbury Town,Wolverhampton Wanderers,2,2,4,initial,NA,NA,NA,Montgomery Waters Meadow,,
2019-01-26,2018,Swansea City,Gillingham,4,1,4,initial,NA,NA,NA,Liberty Stadium,,
2019-01-27,2018,Chelsea,Sheffield Wednesday,3,0,4,initial,NA,NA,NA,Stamford Bridge,,
2019-01-27,2018,Crystal Palace,Tottenham Hotspur,2,0,4,initial,NA,NA,NA,Selhurst Park,,
2019-01-28,2018,Barnet,Brentford,3,3,4,initial,NA,NA,NA,"The Hive, Edgware",,
2019-02-05,2018,Brentford,Barnet,3,1,4,replay,NA,NA,NA,Griffin Park,,
2019-02-05,2018,Newport County,Middlesbrough,2,0,4,replay,NA,NA,NA,Rodney Parade,,
2019-02-05,2018,Queens Park Rangers,Portsmouth,2,0,4,replay,NA,NA,NA,Loftus Road,,
2019-02-05,2018,Wolverhampton Wanderers,Shrewsbury Town,3,2,4,replay,NA,NA,NA,Molineux,,
2019-02-06,2018,West Bromwich Albion,Brighton & Hove Albion,1,3,4,replay,yes,NA,NA,The Hawthorns,,
2019-02-15,2018,Queens Park Rangers,Watford,0,1,5,initial,NA,NA,NA,Loftus Road,,
2019-02-16,2018,AFC Wimbledon,Millwall,0,1,5,initial,NA,NA,NA,Cherry Red Records Fans Stadium,,
2019-02-16,2018,Brighton & Hove Albion,Derby County,2,1,5,initial,NA,NA,NA,AMEX Stadium,,
2019-02-16,2018,Newport County,Manchester City,1,4,5,initial,NA,NA,NA,Rodney Parade,,
2019-02-17,2018,Bristol City,Wolverhampton Wanderers,0,1,5,initial,NA,NA,NA,Ashton Gate,,
2019-02-17,2018,Doncaster Rovers,Crystal Palace,0,2,5,initial,NA,NA,NA,Keepmoat Stadium,,
2019-02-17,2018,Swansea City,Brentford,4,1,5,initial,NA,NA,NA,Liberty Stadium,,
2019-02-18,2018,Chelsea,Manchester United,0,2,5,initial,NA,NA,NA,Stamford Bridge,,
2019-03-16,2018,Swansea City,Manchester City,2,3,Quarter-final,initial,NA,NA,NA,Liberty Stadium,,
2019-03-16,2018,Watford,Crystal Palace,2,1,Quarter-final,initial,NA,NA,NA,Vicarage Road,,
2019-03-16,2018,Wolverhampton Wanderers,Manchester United,2,0,Quarter-final,initial,NA,NA,NA,Molineux,,
2019-03-17,2018,Millwall,Brighton & Hove Albion,2,2,Quarter-final,initial,yes,yes,NA,The New Den,,
2019-04-06,2018,Manchester City,Brighton & Hove Albion,1,0,Semi-final,initial,NA,NA,yes,Wembley Stadium,,
2019-04-07,2018,Watford,Wolverhampton Wanderers,3,2,Semi-final,initial,yes,NA,yes,Wembley Stadium,,
2019-05-18,2018,Manchester City,Watford,6,0,Final,initial,NA,NA,yes,Wembley Stadium,,
